fname,xmin,ymin,xmax,ymax
image0,188,28,289,283
image1,177,47,268,214
image2,189,98,236,210
image3,214,88,313,304
image4,257,196,322,271
image5,310,7,412,175
image6,200,86,310,233
image7,126,175,215,323
image8,106,63,244,333
image9,271,5,360,103
image10,178,161,246,307
image11,191,188,302,298
image12,388,40,485,180
image13,58,135,215,329
image14,104,243,167,381
image15,212,154,268,324
image16,231,186,271,235
image17,208,93,270,194
image18,216,38,302,199
image20,354,152,378,240
image21,40,41,96,123
image22,225,300,319,424
image23,183,17,321,264
image24,216,7,331,164
image25,369,111,399,185
image26,108,83,185,253
image27,264,181,299,246
image28,204,206,304,314
image29,192,127,249,265
image30,252,245,316,380
image31,108,166,254,384
image32,204,87,285,182
image33,392,59,499,209
image35,395,174,476,333
image36,248,158,375,341
image37,131,73,246,182
image38,262,238,314,362
image39,227,29,305,171
image40,261,53,322,222
image41,201,119,268,250
image42,355,77,424,188
image43,245,220,341,337
image44,223,18,308,202
image45,208,194,431,392
image46,193,166,320,252
image47,224,89,340,274
image48,234,229,272,291
image49,229,102,281,180
image50,131,61,224,228
image51,80,72,222,254
image52,198,126,299,299
image53,220,180,277,244
image54,333,126,454,328
image55,366,196,431,286
image56,210,313,251,387
image57,199,291,266,449
image58,195,183,223,252
image59,80,167,249,390
image60,188,65,247,136
image61,232,89,262,150
image62,298,157,402,290
image63,189,125,276,287
image64,168,204,207,288
image65,273,38,408,231
image66,187,26,304,298
image67,69,151,175,260
image68,168,169,220,226
image69,211,82,412,326
image70,168,59,255,243
image71,227,167,255,219
image72,234,148,395,321
image73,224,48,286,165
image74,184,155,262,329
image75,225,108,274,201
image76,77,16,270,231
image77,224,170,272,233
image78,21,68,109,172
image79,233,160,285,257
image80,220,188,271,297
image81,189,132,285,368
image82,208,154,235,204
image83,245,94,305,246
image84,228,118,285,238
image85,194,217,258,339
image86,194,188,250,300
image87,268,126,299,202
image88,136,84,298,276
image89,242,265,265,316
image90,268,184,329,260
image91,248,105,286,171
image92,155,35,320,219
image93,253,85,338,239
image94,220,161,325,316
image95,300,84,419,269
image96,256,188,456,364
image97,182,129,322,359
image98,204,230,269,301
image99,227,189,265,250
image100,206,3,282,90
image101,33,117,143,332
image102,268,12,343,193
image103,275,190,319,320
image104,178,215,305,350
image105,148,92,245,277
image106,135,82,264,298
image107,213,98,267,193
image108,215,144,276,267
image109,267,229,384,380
image110,217,161,298,318
image111,185,222,332,389
image112,121,102,210,260
image113,240,203,303,330
image114,65,154,129,267
image115,245,23,338,203
image116,130,68,225,235
image117,209,27,283,161
image118,234,139,260,193
image119,208,161,270,262
image120,287,128,327,205
image121,25,63,175,251
image122,183,183,256,271
image123,220,242,251,302
image124,219,178,262,257
image125,68,138,208,347
image126,42,36,118,189
image127,249,158,371,399
image128,237,85,266,137
image129,320,22,440,240
image130,210,141,279,280
image131,352,63,453,246
image132,220,175,278,290
image133,224,120,284,232
image134,360,230,416,312
image135,223,83,290,185
image136,217,83,280,202
image137,198,183,256,240
image138,271,107,393,260
image139,244,208,280,284
image140,224,270,281,386
image141,201,109,286,227
image142,307,46,433,205
image143,326,64,409,165
image144,220,21,297,114
image145,56,143,189,296
image146,108,45,205,265
image147,173,113,260,315
image148,207,90,273,189
image149,113,65,223,188
image150,186,226,360,464
image151,193,122,277,277
image152,266,139,322,230
image153,177,124,246,204
image154,244,216,333,358
image155,302,102,399,185
image156,239,185,344,330
image157,244,16,305,145
image158,247,153,416,358
image159,205,224,256,303
image160,216,232,279,345
image161,202,142,287,328
image162,91,230,167,309
image163,198,194,282,317
image164,231,82,316,202
image165,283,212,366,370
image166,277,82,374,230
image167,352,23,424,124
image168,227,104,292,259
image169,192,60,338,236
image170,202,74,280,153
image171,176,63,316,246
image172,270,113,328,206
image173,199,109,298,274
image174,163,45,280,297
image175,224,33,341,193
image176,204,36,283,167
image177,211,126,246,176
image178,229,145,333,265
image179,237,289,301,363
image180,170,217,218,277
image181,280,99,349,183
image182,145,161,212,310
image183,99,119,197,250
image184,209,110,411,343
image185,154,164,291,384
image186,203,170,310,369
image187,133,158,175,279
image188,317,93,403,232
image189,307,95,405,262
image190,68,65,140,235
image191,285,30,400,179
image192,225,71,412,277
image193,237,137,303,345
image194,210,128,349,339
image195,207,15,330,258
image196,255,103,298,164
image197,184,30,332,174
image198,161,121,296,286
image199,114,175,152,273
image200,211,150,287,257
image201,158,107,237,238
image202,225,161,293,290
image203,194,83,247,218
image204,197,24,282,274
image205,90,129,139,192
image206,242,112,347,221
image207,244,148,398,320
image208,254,142,324,222
image209,152,208,201,289
image210,217,146,292,301
image211,235,181,321,295
image212,125,98,199,224
image213,121,173,162,221
image214,172,191,286,325
image215,270,19,348,149
image216,209,128,353,314
image217,220,132,277,238
image218,335,176,433,298
image219,336,119,421,242
image220,239,131,268,187
image221,236,210,268,263
image222,205,206,269,327
image223,207,131,281,305
image224,259,68,313,173
image225,300,107,369,241
image226,247,45,446,200
image227,221,12,344,261
image228,226,127,257,206
image229,274,215,316,285
image230,193,86,234,151
image231,140,56,213,222
image232,270,135,321,257
image233,301,56,373,169
image234,170,62,213,176
image235,183,34,224,106
image236,380,71,500,215
image237,95,21,161,114
image238,173,100,308,324
image239,198,69,295,269
image240,245,17,327,192
image241,268,183,340,311
image242,245,165,312,275
image243,217,145,259,221
image244,279,62,363,149
image245,177,144,259,259
image246,322,254,377,322
image247,95,192,219,418
image248,225,148,361,314
image249,160,16,308,256
image250,179,254,298,366
image251,147,81,294,305
image252,258,31,354,179
image253,188,104,283,238
image254,270,132,307,245
image255,168,170,269,314
image256,43,132,153,326
image257,216,173,257,238
image258,125,69,202,176
image259,105,35,211,338
image260,186,181,234,260
image261,373,148,435,222
image262,257,101,308,186
image263,251,77,363,240
image264,232,177,271,259
image265,267,91,335,239
image266,218,154,263,242
image268,222,188,260,257
image269,175,79,210,151
image270,5,65,103,182
image271,214,125,316,294
image272,324,25,424,263
image273,205,115,260,323
image274,3,130,113,252
image275,304,23,356,103
image276,238,97,308,259
image277,320,71,388,196
image279,307,79,384,230
image280,332,60,459,206
image281,45,36,337,303
image282,297,198,357,286
image283,258,138,284,187
image284,152,74,210,188
image286,231,79,295,223
image287,244,147,290,241
image288,263,197,345,376
image289,195,119,266,240
image290,262,74,377,271
image291,237,95,335,286
image292,187,92,301,272
image293,215,116,268,247
image294,201,218,309,309
image295,187,120,260,246
image296,172,83,242,211
image297,319,33,400,230
image298,142,134,204,208
image299,285,170,427,378
image300,160,39,223,158
image301,280,111,321,189
image302,208,202,303,315
image303,226,113,292,201
image304,267,36,357,146
image305,169,98,303,336
image306,2,55,194,350
image307,4,134,189,345
image308,229,176,289,220
image309,355,63,407,164
image310,307,139,358,232
image311,229,48,303,208
image312,167,148,324,331
image313,261,21,340,120
image314,267,136,302,192
image315,82,71,158,192
image316,214,148,288,306
image317,192,185,267,308
image318,207,79,292,216
image319,181,96,253,238
image320,286,139,427,307
image321,276,139,374,254
image322,232,58,425,418
image323,303,224,347,284
image324,418,73,472,144
image325,131,178,233,276
image326,373,136,445,227
image327,20,62,146,184
image328,243,154,330,274
image329,246,292,327,429
image330,348,25,467,228
image331,222,102,273,169
image332,238,171,335,313
image333,206,38,271,164
image334,133,78,315,328
image335,313,11,467,230
image336,308,102,386,198
image337,162,118,253,280
image338,215,49,329,210
image339,273,210,298,266
image340,207,45,300,228
image341,152,60,254,183
image342,243,195,365,266
image343,224,137,270,205
image344,391,158,439,230
image345,171,115,328,290
image346,185,35,284,258
image347,176,134,217,225
image348,203,136,245,202
image349,326,30,353,88
image350,203,110,261,213
image351,203,88,253,170
image352,286,54,348,120
image353,214,73,316,184
image354,225,80,269,228
image355,208,97,306,191
image356,251,283,284,324
image357,90,85,278,255
image358,50,52,132,251
image359,253,108,283,174
image360,184,192,203,241
image361,218,182,275,286
image362,168,71,296,193
image363,256,193,293,259
image364,112,25,267,245
image365,205,93,327,240
image366,209,55,340,230
image367,228,32,326,205
image368,274,156,371,274
image369,114,76,184,160
image370,96,26,244,199
image371,107,25,153,148
image372,309,119,344,165
image373,347,39,430,179
image374,337,85,391,145
image375,157,80,315,277
image376,147,74,404,270
image377,154,56,339,286
image378,297,32,444,271
image379,271,98,369,273
image380,369,44,458,224
image381,123,126,261,275
image382,158,238,237,367
image383,71,42,387,271
image384,296,109,378,212
image385,225,112,351,312
image386,107,90,167,227
image387,280,52,316,128
image388,309,41,347,117
image389,90,48,138,156
image390,176,137,322,290
image391,229,134,320,347
image392,73,82,422,391
image393,220,19,375,273
image394,159,33,333,189
image395,139,122,271,266
image396,14,43,264,362
image397,51,66,209,257
image398,231,38,449,317
image399,91,45,271,344
image400,149,51,340,215
image401,51,85,267,314
image402,100,11,253,322
image403,124,164,215,350
image404,201,8,274,188
image405,122,167,229,350
image406,230,101,301,237
image407,62,79,333,361
image408,177,36,277,354
image409,100,64,382,337
image410,390,232,461,320
image411,104,94,148,206
image412,218,14,356,230
image413,351,49,461,170
image414,204,63,285,178
image415,215,137,284,347
image416,19,59,162,237
image417,176,145,318,251
image418,400,119,477,253
image419,311,27,496,202
image420,362,28,450,167
image421,189,232,277,355
image422,279,39,373,227
image423,90,36,142,133
image424,194,62,276,212
image425,240,128,285,253
image426,209,223,241,315
image427,63,22,171,220
image428,22,11,120,123
image429,48,33,168,189
image430,28,76,159,230
image431,250,134,293,241
image432,230,124,319,369
image433,193,57,295,381
image434,217,18,298,342
image435,179,24,279,429
image436,213,44,285,164
image437,87,49,167,167
image438,193,320,246,444
image439,46,225,149,335
image440,337,315,416,416
image441,180,102,305,302
image442,286,147,425,286
image443,73,18,133,137
image444,275,122,365,240
image445,368,178,403,230
image446,29,16,129,138
image447,26,96,245,336
image448,351,91,386,176
image449,321,39,376,108
image450,369,113,425,213
image451,258,256,288,294
image452,83,60,162,201
image453,266,40,390,249
image454,243,196,306,300
image455,233,71,320,139
image456,346,212,448,321
image457,174,76,205,155
image458,117,30,274,290
image459,129,69,191,171
image460,450,210,496,322
image461,55,91,111,204
dup_Blurimage0,184,86,292,264
dup_Blurimage1,181,58,274,208
dup_Blurimage2,193,95,237,168
dup_Blurimage3,222,97,319,273
dup_Blurimage4,256,189,326,254
dup_Blurimage5,301,31,383,166
dup_Blurimage6,196,92,290,214
dup_Blurimage7,138,169,207,295
dup_Blurimage8,94,86,241,328
dup_Blurimage9,266,14,347,96
dup_Blurimage10,158,155,256,314
dup_Blurimage11,176,194,312,296
dup_Blurimage12,378,35,484,178
dup_Blurimage13,39,129,232,333
dup_Blurimage14,99,250,170,375
dup_Blurimage15,210,157,262,253
dup_Blurimage16,222,185,287,236
dup_Blurimage17,206,88,262,176
dup_Blurimage18,221,27,297,187
dup_Blurimage20,345,157,383,209
dup_Blurimage21,42,51,95,107
dup_Blurimage22,220,289,343,414
dup_Blurimage23,175,12,330,257
dup_Blurimage24,201,7,354,177
dup_Blurimage25,366,110,417,171
dup_Blurimage26,111,96,204,254
dup_Blurimage27,262,174,306,237
dup_Blurimage28,221,205,312,307
dup_Blurimage29,190,130,247,225
dup_Blurimage30,236,228,324,371
dup_Blurimage31,100,171,261,405
dup_Blurimage32,199,87,285,172
dup_Blurimage33,395,39,500,188
dup_Blurimage35,384,171,468,301
dup_Blurimage36,284,145,374,253
dup_Blurimage37,143,39,250,171
dup_Blurimage38,243,240,321,352
dup_Blurimage39,222,18,309,128
dup_Blurimage40,261,69,327,198
dup_Blurimage41,201,128,268,218
dup_Blurimage42,352,78,424,163
dup_Blurimage43,241,206,332,315
dup_Blurimage44,222,27,319,202
dup_Blurimage45,287,143,445,385
dup_Blurimage46,187,162,319,264
dup_Blurimage47,225,96,336,278
dup_Blurimage48,237,231,276,284
dup_Blurimage49,226,111,286,182
dup_Blurimage50,135,67,218,213
dup_Blurimage51,91,104,204,226
dup_Blurimage52,177,134,285,298
dup_Blurimage53,206,184,286,255
dup_Blurimage54,318,147,456,329
dup_Blurimage55,371,202,436,278
dup_Blurimage56,209,303,254,390
dup_Blurimage57,195,295,266,437
dup_Blurimage58,185,173,229,262
dup_Blurimage59,100,202,239,371
dup_Blurimage60,191,63,253,141
dup_Blurimage61,226,84,265,150
dup_Blurimage62,288,161,405,283
dup_Blurimage63,191,128,283,286
dup_Blurimage64,164,211,207,279
dup_Blurimage65,291,46,393,207
dup_Blurimage66,193,50,315,254
dup_Blurimage67,80,156,166,259
dup_Blurimage68,165,156,230,223
dup_Blurimage69,264,104,390,268
dup_Blurimage70,166,56,254,221
dup_Blurimage71,217,153,257,214
dup_Blurimage72,235,135,389,322
dup_Blurimage73,226,53,290,175
dup_Blurimage74,188,154,267,264
dup_Blurimage75,226,106,277,203
dup_Blurimage76,99,46,276,227
dup_Blurimage77,227,171,277,222
dup_Blurimage78,21,71,97,166
dup_Blurimage79,231,164,293,261
dup_Blurimage80,213,191,279,294
dup_Blurimage81,181,137,266,274
dup_Blurimage82,204,161,243,207
dup_Blurimage83,240,109,312,232
dup_Blurimage84,220,122,289,226
dup_Blurimage85,187,219,260,323
dup_Blurimage86,201,185,253,275
dup_Blurimage87,258,128,304,200
dup_Blurimage88,142,86,297,243
dup_Blurimage89,238,265,277,309
dup_Blurimage90,277,184,335,255
dup_Blurimage91,243,105,300,178
dup_Blurimage92,180,36,298,201
dup_Blurimage93,255,82,345,231
dup_Blurimage94,219,161,328,279
dup_Blurimage95,294,72,422,255
dup_Blurimage96,257,186,426,350
dup_Blurimage97,173,121,318,338
dup_Blurimage98,200,228,278,296
dup_Blurimage99,220,174,293,252
dup_Blurimage100,215,1,258,71
dup_Blurimage101,25,132,156,337
dup_Blurimage102,265,11,343,173
dup_Blurimage103,274,205,318,325
dup_Blurimage104,169,200,318,357
dup_Blurimage105,129,89,261,274
dup_Blurimage106,136,91,293,300
dup_Blurimage107,198,101,273,189
dup_Blurimage108,212,143,276,253
dup_Blurimage109,273,224,386,361
dup_Blurimage110,190,173,310,324
dup_Blurimage111,176,205,338,408
dup_Blurimage112,125,100,218,253
dup_Blurimage113,236,203,308,326
dup_Blurimage114,58,158,133,271
dup_Blurimage115,253,17,356,220
dup_Blurimage116,118,63,238,262
dup_Blurimage117,197,21,288,162
dup_Blurimage118,223,139,268,194
dup_Blurimage119,200,160,277,240
dup_Blurimage120,280,123,329,200
dup_Blurimage121,19,74,185,255
dup_Blurimage122,177,184,256,275
dup_Blurimage123,213,244,262,309
dup_Blurimage124,209,183,264,248
dup_Blurimage125,52,135,235,357
dup_Blurimage126,39,34,127,193
dup_Blurimage127,244,164,377,389
dup_Blurimage128,233,89,268,135
dup_Blurimage129,322,21,436,223
dup_Blurimage130,201,150,272,275
dup_Blurimage131,354,47,451,228
dup_Blurimage132,218,170,274,293
dup_Blurimage133,222,125,277,243
dup_Blurimage134,367,220,416,305
dup_Blurimage135,208,89,286,195
dup_Blurimage136,197,78,275,211
dup_Blurimage137,189,179,261,245
dup_Blurimage138,265,121,398,263
dup_Blurimage139,234,202,286,275
dup_Blurimage140,220,273,286,383
dup_Blurimage141,188,110,310,228
dup_Blurimage142,286,57,434,240
dup_Blurimage143,326,50,416,153
dup_Blurimage144,222,20,289,101
dup_Blurimage145,58,147,186,307
dup_Blurimage146,91,43,204,246
dup_Blurimage147,162,125,261,327
dup_Blurimage148,202,89,267,187
dup_Blurimage149,124,50,222,183
dup_Blurimage150,173,239,338,447
dup_Blurimage151,201,128,275,254
dup_Blurimage152,267,137,328,228
dup_Blurimage153,171,137,255,210
dup_Blurimage154,237,220,353,362
dup_Blurimage155,287,94,389,201
dup_Blurimage156,245,182,339,321
dup_Blurimage157,232,18,317,121
dup_Blurimage158,247,146,424,352
dup_Blurimage159,200,236,247,281
dup_Blurimage160,206,228,275,311
dup_Blurimage161,196,134,280,332
dup_Blurimage162,79,220,180,307
dup_Blurimage163,186,190,291,313
dup_Blurimage164,231,83,318,220
dup_Blurimage165,283,195,380,336
dup_Blurimage166,272,80,383,239
dup_Blurimage167,343,32,447,133
dup_Blurimage168,217,102,289,243
dup_Blurimage169,181,63,348,248
dup_Blurimage170,220,58,279,167
dup_Blurimage171,155,61,311,250
dup_Blurimage172,268,107,323,208
dup_Blurimage173,201,110,309,282
dup_Blurimage174,174,56,289,314
dup_Blurimage175,232,33,326,182
dup_Blurimage176,210,48,272,150
dup_Blurimage177,203,120,250,171
dup_Blurimage178,228,138,338,275
dup_Blurimage179,240,277,291,351
dup_Blurimage180,164,220,212,278
dup_Blurimage181,269,78,345,211
dup_Blurimage182,134,167,218,316
dup_Blurimage183,97,115,201,247
dup_Blurimage184,243,92,399,300
dup_Blurimage185,153,161,303,382
dup_Blurimage186,201,146,305,380
dup_Blurimage187,123,164,187,234
dup_Blurimage188,304,96,399,223
dup_Blurimage189,312,86,402,250
dup_Blurimage190,68,82,156,225
dup_Blurimage191,301,32,401,171
dup_Blurimage192,282,89,416,244
dup_Blurimage193,225,126,308,231
dup_Blurimage194,205,133,318,293
dup_Blurimage195,219,23,341,228
dup_Blurimage196,262,94,306,160
dup_Blurimage197,172,21,338,178
dup_Blurimage198,195,115,312,272
dup_Blurimage199,104,178,150,257
dup_Blurimage200,206,156,281,245
dup_Blurimage201,151,105,227,221
dup_Blurimage202,216,161,286,265
dup_Blurimage203,193,78,244,173
dup_Blurimage204,192,28,280,221
dup_Blurimage205,84,127,138,185
dup_Blurimage206,236,114,336,227
dup_Blurimage207,230,134,385,329
dup_Blurimage208,250,134,326,213
dup_Blurimage209,154,208,202,280
dup_Blurimage210,218,149,292,272
dup_Blurimage211,228,177,322,288
dup_Blurimage212,105,100,204,219
dup_Blurimage213,104,159,169,232
dup_Blurimage214,169,182,298,320
dup_Blurimage215,272,21,358,141
dup_Blurimage216,201,112,354,282
dup_Blurimage217,222,129,289,226
dup_Blurimage218,344,175,429,279
dup_Blurimage219,326,105,426,243
dup_Blurimage220,229,128,279,188
dup_Blurimage221,230,210,264,262
dup_Blurimage222,197,206,285,314
dup_Blurimage223,194,130,287,308
dup_Blurimage224,252,68,303,189
dup_Blurimage225,301,102,368,235
dup_Blurimage226,276,36,426,204
dup_Blurimage227,213,25,351,257
dup_Blurimage228,222,121,267,191
dup_Blurimage229,267,203,322,291
dup_Blurimage230,197,85,251,158
dup_Blurimage231,126,58,219,211
dup_Blurimage232,257,133,321,234
dup_Blurimage233,290,54,391,159
dup_Blurimage234,164,54,219,153
dup_Blurimage235,183,35,239,105
dup_Blurimage236,405,89,488,226
dup_Blurimage237,91,20,179,116
dup_Blurimage238,190,75,329,311
dup_Blurimage239,188,78,293,250
dup_Blurimage240,245,23,334,171
dup_Blurimage241,263,203,344,304
dup_Blurimage242,240,173,318,278
dup_Blurimage243,212,141,261,213
dup_Blurimage244,288,47,365,142
dup_Blurimage245,177,147,268,252
dup_Blurimage246,322,259,380,336
dup_Blurimage247,97,186,265,394
dup_Blurimage248,254,143,375,300
dup_Blurimage249,153,16,315,224
dup_Blurimage250,195,253,302,339
dup_Blurimage251,137,84,303,275
dup_Blurimage252,264,31,364,171
dup_Blurimage253,195,101,276,232
dup_Blurimage254,269,137,317,228
dup_Blurimage255,160,176,273,300
dup_Blurimage256,41,153,158,288
dup_Blurimage257,215,178,262,228
dup_Blurimage258,126,87,197,178
dup_Blurimage259,112,43,193,234
dup_Blurimage260,183,180,250,268
dup_Blurimage261,376,155,437,221
dup_Blurimage262,239,96,310,179
dup_Blurimage263,263,104,359,220
dup_Blurimage264,231,171,268,242
dup_Blurimage265,275,82,336,208
dup_Blurimage266,212,148,259,232
dup_Blurimage268,215,188,258,246
dup_Blurimage269,163,64,218,155
dup_Blurimage270,13,61,118,181
dup_Blurimage271,229,117,320,280
dup_Blurimage272,309,38,423,239
dup_Blurimage273,196,120,282,293
dup_Blurimage274,8,121,114,261
dup_Blurimage275,300,26,372,93
dup_Blurimage276,234,106,321,259
dup_Blurimage277,323,82,393,187
dup_Blurimage279,307,82,389,209
dup_Blurimage280,354,32,451,189
dup_Blurimage281,62,51,251,236
dup_Blurimage282,306,203,364,275
dup_Blurimage283,251,139,293,187
dup_Blurimage284,151,78,211,156
dup_Blurimage286,222,82,315,213
dup_Blurimage287,243,154,294,238
dup_Blurimage288,249,193,345,357
dup_Blurimage289,196,126,261,210
dup_Blurimage290,260,79,364,233
dup_Blurimage291,248,67,335,275
dup_Blurimage292,196,87,290,257
dup_Blurimage293,208,113,269,228
dup_Blurimage294,211,207,304,299
dup_Blurimage295,188,121,269,243
dup_Blurimage296,168,75,261,203
dup_Blurimage297,306,34,409,212
dup_Blurimage298,155,131,226,214
dup_Blurimage299,298,165,421,361
dup_Blurimage300,159,28,230,143
dup_Blurimage301,279,113,326,184
dup_Blurimage302,212,190,318,321
dup_Blurimage303,218,107,301,206
dup_Blurimage304,268,33,368,154
dup_Blurimage305,175,85,326,332
dup_Blurimage306,8,106,196,321
dup_Blurimage307,23,143,188,318
dup_Blurimage308,229,174,290,210
dup_Blurimage309,351,67,425,145
dup_Blurimage310,298,143,361,225
dup_Blurimage311,222,54,328,206
dup_Blurimage312,194,157,337,313
dup_Blurimage313,266,20,334,107
dup_Blurimage314,265,136,309,192
dup_Blurimage315,80,83,169,200
dup_Blurimage316,206,144,283,286
dup_Blurimage317,190,186,283,304
dup_Blurimage318,201,85,301,207
dup_Blurimage319,176,97,263,225
dup_Blurimage320,306,134,442,299
dup_Blurimage321,279,131,373,257
dup_Blurimage322,222,59,411,425
dup_Blurimage323,297,216,354,284
dup_Blurimage324,420,82,482,157
dup_Blurimage325,123,167,238,289
dup_Blurimage326,365,125,449,228
dup_Blurimage327,16,65,133,186
dup_Blurimage328,229,148,335,277
dup_Blurimage329,233,289,336,436
dup_Blurimage330,351,58,464,222
dup_Blurimage331,221,97,272,158
dup_Blurimage332,230,162,329,314
dup_Blurimage333,197,38,272,164
dup_Blurimage334,151,80,328,278
dup_Blurimage335,347,32,470,194
dup_Blurimage336,308,99,387,218
dup_Blurimage337,161,111,261,277
dup_Blurimage338,263,98,338,219
dup_Blurimage339,268,209,308,289
dup_Blurimage340,204,53,304,201
dup_Blurimage341,152,51,265,164
dup_Blurimage342,242,185,317,249
dup_Blurimage343,217,135,271,190
dup_Blurimage344,388,151,442,225
dup_Blurimage345,203,111,353,287
dup_Blurimage346,163,38,297,230
dup_Blurimage347,168,126,251,217
dup_Blurimage348,196,135,246,197
dup_Blurimage349,319,32,365,82
dup_Blurimage350,199,117,272,211
dup_Blurimage351,199,92,267,158
dup_Blurimage352,300,57,358,119
dup_Blurimage353,229,75,340,194
dup_Blurimage354,210,80,281,186
dup_Blurimage355,203,93,291,178
dup_Blurimage356,247,275,290,320
dup_Blurimage357,127,65,293,242
dup_Blurimage358,48,58,142,229
dup_Blurimage359,244,105,286,168
dup_Blurimage360,176,192,204,237
dup_Blurimage361,215,186,279,284
dup_Blurimage362,194,73,291,190
dup_Blurimage363,254,138,304,195
dup_Blurimage364,112,41,273,223
dup_Blurimage365,199,83,299,224
dup_Blurimage366,188,50,366,221
dup_Blurimage367,229,36,330,189
dup_Blurimage368,261,168,372,275
dup_Blurimage369,112,78,184,146
dup_Blurimage370,116,39,250,194
dup_Blurimage371,92,30,172,143
dup_Blurimage372,300,118,346,164
dup_Blurimage373,361,45,449,160
dup_Blurimage374,336,79,390,143
dup_Blurimage375,152,75,319,283
dup_Blurimage376,126,80,316,264
dup_Blurimage377,143,66,341,259
dup_Blurimage378,286,29,448,271
dup_Blurimage379,254,93,386,286
dup_Blurimage380,351,55,462,209
dup_Blurimage381,132,126,261,276
dup_Blurimage382,161,226,252,356
dup_Blurimage383,122,52,352,252
dup_Blurimage384,297,102,375,200
dup_Blurimage385,221,100,344,292
dup_Blurimage386,94,92,170,218
dup_Blurimage387,269,54,328,123
dup_Blurimage388,305,31,354,114
dup_Blurimage389,88,51,153,144
dup_Blurimage390,177,150,315,270
dup_Blurimage391,212,146,343,275
dup_Blurimage392,104,93,363,339
dup_Blurimage393,228,46,385,272
dup_Blurimage394,168,46,304,185
dup_Blurimage395,151,132,265,259
dup_Blurimage396,78,55,261,343
dup_Blurimage397,63,93,201,239
dup_Blurimage398,248,64,447,297
dup_Blurimage399,109,87,283,318
dup_Blurimage400,159,46,324,236
dup_Blurimage401,57,96,276,296
dup_Blurimage402,97,41,281,312
dup_Blurimage403,113,164,228,324
dup_Blurimage404,186,30,305,188
dup_Blurimage405,118,160,231,328
dup_Blurimage406,236,114,322,228
dup_Blurimage407,96,100,318,301
dup_Blurimage408,173,58,302,233
dup_Blurimage409,108,111,354,307
dup_Blurimage410,105,27,215,179
dup_Blurimage411,100,103,153,177
dup_Blurimage412,229,43,356,226
dup_Blurimage413,360,50,456,169
dup_Blurimage414,186,75,293,187
dup_Blurimage415,208,146,293,326
dup_Blurimage416,15,63,174,229
dup_Blurimage417,183,138,263,236
dup_Blurimage418,390,114,485,243
dup_Blurimage419,331,54,486,200
dup_Blurimage420,372,29,450,146
dup_Blurimage421,187,236,283,347
dup_Blurimage422,265,49,389,208
dup_Blurimage423,93,49,148,122
dup_Blurimage424,193,73,276,202
dup_Blurimage425,225,142,286,241
dup_Blurimage426,206,225,250,313
dup_Blurimage427,64,20,165,189
dup_Blurimage428,28,32,122,136
dup_Blurimage429,58,43,165,175
dup_Blurimage430,38,74,151,214
dup_Blurimage431,242,125,303,242
dup_Blurimage432,215,143,331,358
dup_Blurimage433,187,56,299,282
dup_Blurimage434,208,57,304,271
dup_Blurimage435,168,59,326,346
dup_Blurimage436,207,42,282,150
dup_Blurimage437,93,62,179,154
dup_Blurimage438,193,325,258,414
dup_Blurimage439,43,214,153,325
dup_Blurimage440,340,325,410,398
dup_Blurimage441,188,106,310,288
dup_Blurimage442,304,148,432,274
dup_Blurimage443,72,18,139,105
dup_Blurimage444,285,125,369,228
dup_Blurimage445,366,179,406,228
dup_Blurimage446,35,22,119,124
dup_Blurimage447,34,98,223,300
dup_Blurimage448,345,93,393,166
dup_Blurimage449,328,32,377,101
dup_Blurimage450,359,107,431,186
dup_Blurimage451,247,243,290,293
dup_Blurimage452,79,51,163,186
dup_Blurimage453,263,28,377,214
dup_Blurimage454,240,189,327,302
dup_Blurimage455,239,72,320,145
dup_Blurimage456,357,198,450,313
dup_Blurimage457,170,75,215,141
dup_Blurimage458,119,53,318,277
dup_Blurimage459,127,49,201,158
dup_Blurimage460,440,203,500,309
dup_Blurimage461,54,84,119,207
dup_Contrastimage1,186,40,266,200
dup_Contrastimage2,197,88,236,164
dup_Contrastimage3,209,85,325,279
dup_Contrastimage4,272,177,317,257
dup_Contrastimage5,300,37,414,168
dup_Contrastimage6,195,93,298,211
dup_Contrastimage7,131,166,211,285
dup_Contrastimage8,115,118,249,311
dup_Contrastimage9,275,14,353,94
dup_Contrastimage10,171,179,247,294
dup_Contrastimage11,183,191,314,292
dup_Contrastimage12,380,54,476,161
dup_Contrastimage13,47,138,222,309
dup_Contrastimage14,104,248,174,370
dup_Contrastimage15,211,146,269,242
dup_Contrastimage16,226,194,275,236
dup_Contrastimage17,206,94,258,169
dup_Contrastimage18,220,45,303,184
dup_Contrastimage20,346,153,385,217
dup_Contrastimage21,29,28,103,132
dup_Contrastimage22,217,300,313,417
dup_Contrastimage23,186,26,317,236
dup_Contrastimage24,210,22,336,143
dup_Contrastimage25,364,114,406,164
dup_Contrastimage26,111,101,187,239
dup_Contrastimage27,252,178,306,250
dup_Contrastimage28,212,205,302,306
dup_Contrastimage29,187,119,240,225
dup_Contrastimage30,236,260,330,379
dup_Contrastimage31,115,193,243,385
dup_Contrastimage32,201,82,286,171
dup_Contrastimage33,400,36,494,193
dup_Contrastimage35,383,168,471,300
dup_Contrastimage36,264,150,365,286
dup_Contrastimage37,136,50,247,176
dup_Contrastimage38,248,246,323,356
dup_Contrastimage39,226,31,317,140
dup_Contrastimage40,255,82,333,177
dup_Contrastimage41,200,125,276,228
dup_Contrastimage42,350,83,419,164
dup_Contrastimage43,239,221,332,324
dup_Contrastimage44,214,28,319,186
dup_Contrastimage45,265,162,440,361
dup_Contrastimage46,198,173,286,245
dup_Contrastimage47,230,88,347,264
dup_Contrastimage48,229,232,279,291
dup_Contrastimage49,229,104,284,169
dup_Contrastimage50,123,54,233,208
dup_Contrastimage51,86,103,233,235
dup_Contrastimage52,183,126,281,277
dup_Contrastimage53,210,173,273,245
dup_Contrastimage54,319,146,444,303
dup_Contrastimage55,360,201,420,269
dup_Contrastimage56,207,303,258,378
dup_Contrastimage57,191,299,272,429
dup_Contrastimage58,179,178,237,247
dup_Contrastimage59,92,204,253,379
dup_Contrastimage60,191,65,251,134
dup_Contrastimage61,226,93,265,136
dup_Contrastimage62,293,182,403,283
dup_Contrastimage63,175,129,272,264
dup_Contrastimage64,158,211,203,269
dup_Contrastimage65,288,68,399,206
dup_Contrastimage66,176,77,331,243
dup_Contrastimage67,76,152,163,257
dup_Contrastimage68,161,157,214,213
dup_Contrastimage69,255,93,378,273
dup_Contrastimage70,172,68,262,213
dup_Contrastimage71,209,149,270,221
dup_Contrastimage72,223,178,374,314
dup_Contrastimage73,226,53,293,173
dup_Contrastimage74,183,127,277,251
dup_Contrastimage75,224,107,276,197
dup_Contrastimage76,87,54,261,207
dup_Contrastimage77,231,165,279,225
dup_Contrastimage78,18,75,106,161
dup_Contrastimage79,238,174,288,267
dup_Contrastimage80,213,184,273,286
dup_Contrastimage81,179,129,259,262
dup_Contrastimage82,208,157,245,200
dup_Contrastimage83,246,99,316,215
dup_Contrastimage84,220,123,292,236
dup_Contrastimage85,193,224,262,324
dup_Contrastimage86,194,194,247,276
dup_Contrastimage87,271,132,303,188
dup_Contrastimage88,160,114,293,257
dup_Contrastimage89,238,267,269,311
dup_Contrastimage90,284,182,328,242
dup_Contrastimage91,240,106,301,172
dup_Contrastimage92,181,51,305,208
dup_Contrastimage93,249,97,345,239
dup_Contrastimage94,225,168,318,269
dup_Contrastimage95,297,105,423,261
dup_Contrastimage96,259,195,411,325
dup_Contrastimage97,175,144,324,345
dup_Contrastimage98,201,234,268,300
dup_Contrastimage99,226,182,271,245
dup_Contrastimage100,218,9,276,69
dup_Contrastimage101,47,154,139,320
dup_Contrastimage102,269,22,343,159
dup_Contrastimage103,279,211,335,321
dup_Contrastimage104,177,202,306,322
dup_Contrastimage105,142,85,249,262
dup_Contrastimage106,139,82,272,285
dup_Contrastimage107,206,110,278,190
dup_Contrastimage108,208,142,283,259
dup_Contrastimage109,288,228,377,349
dup_Contrastimage110,217,171,289,298
dup_Contrastimage111,186,230,317,393
dup_Contrastimage112,122,93,218,247
dup_Contrastimage113,239,205,315,331
dup_Contrastimage114,62,148,140,270
dup_Contrastimage115,242,25,343,189
dup_Contrastimage116,146,77,229,245
dup_Contrastimage117,217,14,286,149
dup_Contrastimage118,226,134,272,189
dup_Contrastimage119,201,164,261,243
dup_Contrastimage120,282,115,332,200
dup_Contrastimage121,29,72,158,233
dup_Contrastimage122,186,184,258,271
dup_Contrastimage123,205,236,256,303
dup_Contrastimage124,205,186,264,253
dup_Contrastimage125,84,157,226,343
dup_Contrastimage126,54,53,122,184
dup_Contrastimage127,232,190,372,370
dup_Contrastimage128,228,83,267,134
dup_Contrastimage129,335,29,434,202
dup_Contrastimage130,201,148,286,280
dup_Contrastimage131,349,58,450,221
dup_Contrastimage132,214,179,288,285
dup_Contrastimage133,216,114,291,230
dup_Contrastimage134,369,223,431,307
dup_Contrastimage135,211,85,288,193
dup_Contrastimage136,208,87,294,203
dup_Contrastimage137,197,170,259,237
dup_Contrastimage138,279,134,384,241
dup_Contrastimage139,242,203,283,265
dup_Contrastimage140,219,273,293,387
dup_Contrastimage141,197,113,290,223
dup_Contrastimage142,305,22,426,214
dup_Contrastimage143,335,46,408,161
dup_Contrastimage144,218,22,293,106
dup_Contrastimage145,56,128,198,299
dup_Contrastimage146,100,61,209,243
dup_Contrastimage147,149,136,265,314
dup_Contrastimage148,201,93,280,191
dup_Contrastimage149,131,59,221,187
dup_Contrastimage150,191,258,347,443
dup_Contrastimage151,200,131,277,239
dup_Contrastimage152,268,144,328,228
dup_Contrastimage153,182,130,251,212
dup_Contrastimage154,241,211,347,365
dup_Contrastimage155,294,93,392,194
dup_Contrastimage156,260,174,363,318
dup_Contrastimage157,233,12,323,118
dup_Contrastimage158,238,153,430,333
dup_Contrastimage159,198,234,246,273
dup_Contrastimage160,207,236,293,327
dup_Contrastimage161,182,150,317,313
dup_Contrastimage162,96,226,182,309
dup_Contrastimage163,205,199,302,307
dup_Contrastimage164,230,85,332,200
dup_Contrastimage165,270,206,374,341
dup_Contrastimage166,295,84,397,238
dup_Contrastimage167,357,26,433,110
dup_Contrastimage168,216,107,295,254
dup_Contrastimage169,198,62,329,209
dup_Contrastimage170,218,61,290,157
dup_Contrastimage171,186,94,304,237
dup_Contrastimage172,263,121,333,211
dup_Contrastimage173,201,117,306,261
dup_Contrastimage174,159,64,297,288
dup_Contrastimage175,220,36,340,164
dup_Contrastimage176,204,42,272,146
dup_Contrastimage177,208,124,243,171
dup_Contrastimage178,220,143,342,265
dup_Contrastimage179,239,274,301,349
dup_Contrastimage180,162,211,226,281
dup_Contrastimage181,261,82,362,195
dup_Contrastimage182,132,171,218,313
dup_Contrastimage183,98,125,213,254
dup_Contrastimage184,233,127,379,293
dup_Contrastimage185,158,189,289,359
dup_Contrastimage186,205,180,350,390
dup_Contrastimage187,118,160,181,245
dup_Contrastimage188,310,102,393,234
dup_Contrastimage189,316,93,408,240
dup_Contrastimage190,62,71,151,211
dup_Contrastimage191,299,39,411,164
dup_Contrastimage192,293,100,393,248
dup_Contrastimage193,234,139,301,228
dup_Contrastimage194,208,134,308,275
dup_Contrastimage195,224,43,354,221
dup_Contrastimage196,248,89,292,144
dup_Contrastimage197,181,40,330,175
dup_Contrastimage198,210,118,297,256
dup_Contrastimage199,100,186,160,245
dup_Contrastimage200,208,157,280,258
dup_Contrastimage201,149,102,229,214
dup_Contrastimage202,214,163,308,271
dup_Contrastimage203,180,77,246,196
dup_Contrastimage204,194,41,280,233
dup_Contrastimage205,81,128,147,203
dup_Contrastimage206,241,111,337,222
dup_Contrastimage207,232,150,370,319
dup_Contrastimage208,254,136,324,218
dup_Contrastimage209,153,205,206,293
dup_Contrastimage210,218,141,282,276
dup_Contrastimage211,232,173,315,294
dup_Contrastimage212,119,89,198,227
dup_Contrastimage213,112,171,166,225
dup_Contrastimage214,186,188,308,310
dup_Contrastimage215,276,18,347,137
dup_Contrastimage216,211,119,364,278
dup_Contrastimage217,212,128,282,246
dup_Contrastimage218,337,189,426,289
dup_Contrastimage219,326,102,433,237
dup_Contrastimage220,232,130,278,195
dup_Contrastimage221,236,200,289,261
dup_Contrastimage222,197,194,272,318
dup_Contrastimage223,197,136,293,329
dup_Contrastimage224,258,67,318,164
dup_Contrastimage225,295,101,373,225
dup_Contrastimage226,285,22,442,205
dup_Contrastimage227,220,32,358,260
dup_Contrastimage228,214,128,270,203
dup_Contrastimage229,268,209,324,283
dup_Contrastimage230,194,82,240,137
dup_Contrastimage231,136,71,215,202
dup_Contrastimage232,261,143,333,243
dup_Contrastimage233,302,49,379,173
dup_Contrastimage234,165,65,221,160
dup_Contrastimage235,179,27,236,105
dup_Contrastimage236,407,98,487,211
dup_Contrastimage237,98,19,163,111
dup_Contrastimage238,190,132,324,309
dup_Contrastimage239,196,82,293,232
dup_Contrastimage240,255,36,336,177
dup_Contrastimage241,265,196,333,310
dup_Contrastimage242,243,166,322,282
dup_Contrastimage243,215,146,264,221
dup_Contrastimage244,290,50,362,158
dup_Contrastimage245,182,139,262,252
dup_Contrastimage246,316,242,383,323
dup_Contrastimage247,100,225,236,399
dup_Contrastimage248,241,150,388,296
dup_Contrastimage249,170,25,308,213
dup_Contrastimage250,195,250,293,336
dup_Contrastimage251,158,88,293,266
dup_Contrastimage252,248,34,350,168
dup_Contrastimage253,202,109,280,221
dup_Contrastimage254,269,133,318,220
dup_Contrastimage255,162,183,270,306
dup_Contrastimage256,45,143,165,300
dup_Contrastimage257,214,177,265,231
dup_Contrastimage258,130,94,209,171
dup_Contrastimage259,104,57,196,224
dup_Contrastimage260,187,171,245,250
dup_Contrastimage261,378,146,438,207
dup_Contrastimage262,251,93,304,174
dup_Contrastimage263,259,93,365,232
dup_Contrastimage264,219,175,276,239
dup_Contrastimage265,268,86,326,202
dup_Contrastimage266,208,149,268,236
dup_Contrastimage268,216,179,267,251
dup_Contrastimage269,170,77,213,142
dup_Contrastimage270,12,64,104,175
dup_Contrastimage271,230,122,327,276
dup_Contrastimage272,310,64,411,221
dup_Contrastimage273,198,131,272,268
dup_Contrastimage274,16,125,104,239
dup_Contrastimage275,302,31,371,105
dup_Contrastimage276,225,102,310,244
dup_Contrastimage277,311,78,391,185
dup_Contrastimage279,304,90,390,213
dup_Contrastimage280,355,46,457,179
dup_Contrastimage281,88,61,256,238
dup_Contrastimage282,293,203,360,275
dup_Contrastimage283,257,127,282,179
dup_Contrastimage284,148,77,206,153
dup_Contrastimage286,222,98,305,212
dup_Contrastimage287,231,155,290,233
dup_Contrastimage288,244,180,347,368
dup_Contrastimage289,197,126,270,220
dup_Contrastimage290,263,74,367,228
dup_Contrastimage291,232,94,356,268
dup_Contrastimage292,190,94,296,265
dup_Contrastimage293,205,111,276,229
dup_Contrastimage294,215,199,304,299
dup_Contrastimage295,186,124,260,235
dup_Contrastimage296,173,88,240,182
dup_Contrastimage297,313,33,402,211
dup_Contrastimage298,154,132,214,209
dup_Contrastimage299,311,174,459,361
dup_Contrastimage300,160,31,222,151
dup_Contrastimage301,277,114,340,197
dup_Contrastimage302,226,204,300,325
dup_Contrastimage303,233,116,296,200
dup_Contrastimage304,264,41,362,139
dup_Contrastimage305,171,95,308,328
dup_Contrastimage306,29,88,200,318
dup_Contrastimage307,41,161,176,319
dup_Contrastimage308,235,174,281,220
dup_Contrastimage309,344,67,406,150
dup_Contrastimage310,298,150,359,228
dup_Contrastimage311,218,58,308,206
dup_Contrastimage312,204,167,340,320
dup_Contrastimage313,263,21,328,98
dup_Contrastimage314,263,133,308,189
dup_Contrastimage315,83,85,158,200
dup_Contrastimage316,214,155,287,285
dup_Contrastimage317,197,186,278,286
dup_Contrastimage318,201,83,297,196
dup_Contrastimage319,175,103,265,221
dup_Contrastimage320,279,155,414,300
dup_Contrastimage321,284,134,381,247
dup_Contrastimage322,226,112,413,382
dup_Contrastimage323,297,218,348,282
dup_Contrastimage324,419,89,469,138
dup_Contrastimage325,131,185,232,264
dup_Contrastimage326,367,125,442,222
dup_Contrastimage327,18,70,141,181
dup_Contrastimage328,226,157,336,275
dup_Contrastimage329,236,309,343,426
dup_Contrastimage330,333,71,461,208
dup_Contrastimage331,221,101,274,156
dup_Contrastimage332,224,171,342,299
dup_Contrastimage333,194,48,287,164
dup_Contrastimage334,146,81,312,284
dup_Contrastimage335,356,50,451,182
dup_Contrastimage336,311,94,392,195
dup_Contrastimage337,156,128,260,275
dup_Contrastimage338,255,111,335,211
dup_Contrastimage339,270,207,310,269
dup_Contrastimage340,205,61,301,203
dup_Contrastimage341,158,64,250,161
dup_Contrastimage342,240,190,313,252
dup_Contrastimage343,222,136,264,185
dup_Contrastimage344,386,160,447,229
dup_Contrastimage345,193,119,330,289
dup_Contrastimage346,162,46,301,243
dup_Contrastimage347,162,124,235,209
dup_Contrastimage348,198,131,242,203
dup_Contrastimage349,318,24,354,83
dup_Contrastimage350,189,103,274,214
dup_Contrastimage351,199,97,256,162
dup_Contrastimage352,301,60,350,111
dup_Contrastimage353,238,85,327,180
dup_Contrastimage354,223,84,278,186
dup_Contrastimage355,198,105,281,191
dup_Contrastimage356,246,277,285,325
dup_Contrastimage357,125,70,297,232
dup_Contrastimage358,43,59,156,238
dup_Contrastimage359,248,114,288,181
dup_Contrastimage360,179,193,218,246
dup_Contrastimage361,211,178,282,274
dup_Contrastimage362,197,75,304,189
dup_Contrastimage363,248,179,305,256
dup_Contrastimage364,106,27,249,194
dup_Contrastimage365,202,96,303,215
dup_Contrastimage366,203,64,357,218
dup_Contrastimage367,222,47,337,186
dup_Contrastimage368,276,164,363,261
dup_Contrastimage369,114,73,183,143
dup_Contrastimage370,115,44,233,190
dup_Contrastimage371,100,33,176,149
dup_Contrastimage372,299,118,345,157
dup_Contrastimage373,353,42,436,152
dup_Contrastimage374,345,85,398,151
dup_Contrastimage375,185,94,339,271
dup_Contrastimage376,137,75,333,273
dup_Contrastimage377,147,77,322,259
dup_Contrastimage378,280,48,445,262
dup_Contrastimage379,265,104,370,271
dup_Contrastimage380,372,71,449,182
dup_Contrastimage381,129,137,262,254
dup_Contrastimage382,164,237,237,346
dup_Contrastimage383,112,110,308,264
dup_Contrastimage384,303,125,365,217
dup_Contrastimage385,227,121,358,304
dup_Contrastimage386,98,106,174,217
dup_Contrastimage387,275,57,314,107
dup_Contrastimage388,309,45,347,107
dup_Contrastimage389,86,50,140,143
dup_Contrastimage390,176,136,312,260
dup_Contrastimage391,218,155,322,311
dup_Contrastimage392,129,112,361,339
dup_Contrastimage393,210,80,387,270
dup_Contrastimage394,155,55,337,177
dup_Contrastimage395,147,150,268,263
dup_Contrastimage396,71,72,252,338
dup_Contrastimage397,61,94,210,245
dup_Contrastimage398,238,43,426,309
dup_Contrastimage399,124,112,270,309
dup_Contrastimage400,161,57,317,202
dup_Contrastimage401,85,111,268,285
dup_Contrastimage402,104,82,253,300
dup_Contrastimage403,113,168,229,324
dup_Contrastimage404,199,39,278,174
dup_Contrastimage405,115,163,229,327
dup_Contrastimage406,224,118,310,224
dup_Contrastimage407,141,117,336,298
dup_Contrastimage408,171,58,271,222
dup_Contrastimage409,136,64,353,311
dup_Contrastimage410,378,218,468,324
dup_Contrastimage411,108,100,153,172
dup_Contrastimage412,222,64,346,231
dup_Contrastimage413,365,58,458,177
dup_Contrastimage414,202,74,292,167
dup_Contrastimage415,207,151,287,313
dup_Contrastimage416,34,82,165,231
dup_Contrastimage417,183,123,279,234
dup_Contrastimage418,390,121,474,252
dup_Contrastimage419,336,43,471,203
dup_Contrastimage420,368,26,457,152
dup_Contrastimage421,186,231,280,363
dup_Contrastimage422,282,56,369,203
dup_Contrastimage423,91,38,138,111
dup_Contrastimage424,193,78,268,188
dup_Contrastimage425,235,125,290,239
dup_Contrastimage426,193,225,261,300
dup_Contrastimage427,68,43,170,182
dup_Contrastimage428,27,22,126,126
dup_Contrastimage429,60,28,161,167
dup_Contrastimage430,41,80,147,210
dup_Contrastimage431,244,135,295,232
dup_Contrastimage432,218,150,326,343
dup_Contrastimage433,190,53,298,261
dup_Contrastimage434,218,51,302,256
dup_Contrastimage435,165,58,301,311
dup_Contrastimage436,209,30,288,139
dup_Contrastimage437,89,66,178,162
dup_Contrastimage438,186,325,265,423
dup_Contrastimage439,51,221,140,311
dup_Contrastimage440,334,318,413,392
dup_Contrastimage441,182,103,320,286
dup_Contrastimage442,294,143,441,279
dup_Contrastimage443,76,22,137,110
dup_Contrastimage444,279,118,358,213
dup_Contrastimage445,367,175,408,234
dup_Contrastimage446,23,19,136,127
dup_Contrastimage447,37,103,211,315
dup_Contrastimage448,348,100,395,166
dup_Contrastimage449,322,52,377,106
dup_Contrastimage450,358,106,429,180
dup_Contrastimage451,254,249,293,292
dup_Contrastimage452,84,65,165,178
dup_Contrastimage453,248,54,379,209
dup_Contrastimage454,236,188,318,293
dup_Contrastimage455,242,71,326,152
dup_Contrastimage456,361,207,436,306
dup_Contrastimage457,165,75,218,145
dup_Contrastimage458,129,53,294,269
dup_Contrastimage459,131,60,199,146
dup_Contrastimage460,437,201,496,313
dup_Contrastimage461,50,93,123,180
