xmin,ymin,xmax,ymax
275.24957275390625,115.506103515625,360.2102355957031,235.63954162597656
87.82417297363281,69.2528305053711,150.889892578125,157.13975524902344
256.6607360839844,114.78632354736328,352.4829406738281,255.4398651123047
226.1876983642578,87.84752655029297,298.2119445800781,192.98146057128906
296.3523864746094,157.3098907470703,398.978759765625,294.41839599609375
169.69171142578125,79.3568344116211,239.2212371826172,181.5637969970703
196.7465362548828,139.04708862304688,290.8940734863281,268.4862060546875
215.48646545410156,89.8737564086914,288.4330139160156,197.09559631347656
161.3657684326172,114.19352722167969,248.95127868652344,235.0029296875
146.551513671875,65.48039245605469,215.72671508789062,169.89683532714844
244.07904052734375,108.47166442871094,336.3527526855469,244.4941864013672
321.2408447265625,135.27978515625,417.4125671386719,266.253662109375
162.28936767578125,122.01241302490234,248.0740966796875,240.61280822753906
208.93650817871094,113.34735870361328,293.3335876464844,233.2068328857422
179.15550231933594,78.92961120605469,248.69300842285156,182.0674285888672
206.2907257080078,92.61942291259766,278.9836730957031,197.58863830566406
300.5202941894531,146.8888702392578,399.3865661621094,280.4913330078125
189.59481811523438,73.1922378540039,262.9823303222656,187.42245483398438
184.2139129638672,75.90082550048828,259.9001159667969,193.45664978027344
202.84207153320312,91.89552307128906,276.8239440917969,200.01651000976562
267.3485412597656,152.9748077392578,369.2403869628906,291.2044372558594
228.24301147460938,104.09138488769531,313.8558349609375,231.74732971191406
191.7483673095703,124.7474594116211,281.7101135253906,249.56259155273438
90.5657958984375,73.3713607788086,156.69992065429688,164.9933319091797
297.2456970214844,117.42350006103516,385.5875244140625,241.23731994628906
143.3707275390625,113.03018951416016,225.9588165283203,227.52536010742188
234.2168426513672,123.11109161376953,320.1074523925781,241.98167419433594
184.4291229248047,86.8815689086914,256.8727111816406,192.31895446777344
152.07606506347656,104.67304229736328,230.97105407714844,213.9313507080078
253.0760498046875,112.4700698852539,335.2043762207031,229.03237915039062
227.62342834472656,89.13329315185547,299.9075622558594,195.23851013183594
253.59625244140625,139.108154296875,348.90777587890625,269.2704772949219
113.86592864990234,73.28520965576172,185.1983642578125,173.8854522705078
171.81251525878906,113.77020263671875,258.4415588378906,233.8411407470703
324.2769470214844,117.22197723388672,417.4960632324219,245.3120574951172
200.9178924560547,117.82430267333984,285.3861999511719,235.7054901123047
225.373291015625,137.73387145996094,321.38446044921875,271.4916076660156
226.62794494628906,103.75211334228516,305.0134582519531,217.1195526123047
192.5249481201172,131.28598022460938,284.3789978027344,258.280029296875
269.4369201660156,106.53687286376953,350.9739074707031,221.86294555664062
111.36900329589844,82.64025115966797,187.13734436035156,188.02606201171875
215.38150024414062,88.7781753540039,287.1249084472656,194.09930419921875
200.2503662109375,139.24856567382812,293.91534423828125,267.14691162109375
311.5482177734375,118.77012634277344,402.64996337890625,245.18287658691406
218.8778533935547,126.469482421875,308.73712158203125,252.50108337402344
228.97134399414062,94.11331176757812,302.3999328613281,200.6129913330078
134.86044311523438,81.37409210205078,210.00076293945312,190.0928497314453
222.2179412841797,84.26337432861328,292.7659606933594,189.00267028808594
252.32093811035156,117.58583068847656,336.8473815917969,236.40673828125
153.44528198242188,122.2367172241211,240.26251220703125,241.92079162597656
213.2168426513672,103.75363159179688,293.1273193359375,218.2107696533203
216.5220947265625,92.0321273803711,289.406982421875,199.00831604003906
287.50244140625,112.54753875732422,373.10107421875,232.63731384277344
219.8277130126953,139.6066131591797,314.7373352050781,269.6994323730469
139.68313598632812,107.22757720947266,221.44134521484375,220.16795349121094
230.03578186035156,142.23944091796875,327.9656066894531,277.793212890625
218.1704559326172,87.8991928100586,289.0400695800781,192.46707153320312
185.84071350097656,133.5196533203125,276.6390686035156,258.1639404296875
112.79875183105469,88.1923599243164,186.60690307617188,189.89263916015625
207.90724182128906,89.71859741210938,281.4319763183594,197.7234649658203
205.8568878173828,94.47601318359375,282.2820739746094,204.7598419189453
224.6697235107422,88.9669189453125,296.6224365234375,194.4362335205078
186.94996643066406,80.22188568115234,257.8644104003906,187.03538513183594
228.1019744873047,166.2071533203125,335.7698059082031,313.97198486328125
218.52011108398438,87.4301528930664,289.6486511230469,191.7886505126953
65.85843658447266,54.2121467590332,121.92058563232422,126.52497100830078
236.10032653808594,115.64259338378906,319.8357238769531,234.2570037841797
225.020751953125,137.79953002929688,320.4830322265625,270.60943603515625
296.11810302734375,111.28179168701172,382.63800048828125,231.87290954589844
201.92779541015625,102.37667083740234,287.3877868652344,230.32737731933594
205.2123565673828,95.90381622314453,282.6280822753906,210.31651306152344
216.3043670654297,83.83021545410156,285.8362731933594,186.3840789794922
186.82826232910156,136.69198608398438,281.1131286621094,266.99188232421875
287.47894287109375,121.22200775146484,380.2823791503906,253.4654083251953
318.18487548828125,124.9973373413086,411.2937927246094,253.85398864746094
264.836669921875,189.1962432861328,384.8575439453125,349.9420471191406
212.94981384277344,86.4494857788086,284.4217834472656,191.74595642089844
240.33921813964844,123.10254669189453,327.8177185058594,245.7659912109375
283.5213623046875,139.86846923828125,379.2388000488281,272.2390441894531
229.29795837402344,100.4450454711914,306.98101806640625,211.80288696289062
222.39031982421875,101.31209564208984,299.1492919921875,211.33111572265625
275.9603576660156,102.28136444091797,357.82958984375,217.67420959472656
202.84445190429688,151.59735107421875,302.5039978027344,288.3478088378906
91.44110870361328,72.44268798828125,155.36724853515625,161.6715087890625
182.6985321044922,128.7097930908203,276.0767517089844,258.2086486816406
177.4965362548828,112.08589172363281,264.53436279296875,235.328857421875
187.56881713867188,101.21416473388672,268.82366943359375,217.72164916992188
279.4642028808594,105.87969207763672,362.1940612792969,222.49862670898438
237.19998168945312,103.64625549316406,329.6405944824219,242.74131774902344
218.84124755859375,141.21563720703125,316.5860900878906,275.95611572265625
86.3337631225586,69.8052978515625,152.67369079589844,160.13223266601562
239.71018981933594,93.66665649414062,315.1821594238281,203.4094696044922
150.06663513183594,115.31644439697266,234.7432861328125,232.53121948242188
204.58424377441406,124.78043365478516,294.99835205078125,251.3605499267578
261.2846374511719,106.83861541748047,342.1238098144531,221.8733367919922
123.15108489990234,83.04413604736328,198.71905517578125,190.16502380371094
166.3699493408203,125.3775634765625,255.02828979492188,248.2947540283203
296.719482421875,162.25831604003906,402.63702392578125,301.6971435546875
203.99098205566406,136.3309783935547,294.9985046386719,260.2657470703125
249.25674438476562,105.82836151123047,329.47686767578125,220.24610900878906
139.02980041503906,108.84099578857422,220.94615173339844,222.51051330566406
176.26795959472656,131.15267944335938,267.9507751464844,257.89874267578125
184.05902099609375,92.61678314208984,266.66455078125,216.49740600585938
223.5529327392578,147.17262268066406,322.9965515136719,283.67095947265625
288.4872741699219,117.02118682861328,375.37823486328125,238.89952087402344
211.90769958496094,111.34847259521484,295.6825256347656,229.9681854248047
316.0843200683594,120.08654022216797,408.0414733886719,247.23382568359375
204.76707458496094,84.55916595458984,283.0611572265625,204.2763214111328
232.4328155517578,122.70032501220703,319.3429870605469,244.6227569580078
278.9805603027344,155.32833862304688,382.7392578125,296.3487548828125
204.8913116455078,103.14069366455078,283.4146423339844,215.0500030517578
71.65003967285156,64.8994140625,134.4534454345703,147.5699920654297
169.20668029785156,97.53426361083984,253.51792907714844,220.3830108642578
246.91380310058594,172.5424041748047,355.80511474609375,319.96917724609375
225.8718719482422,87.36632537841797,297.1017150878906,191.95721435546875
112.31399536132812,89.41075134277344,185.10580444335938,189.7786407470703
208.02720642089844,90.64653778076172,280.6789855957031,197.03897094726562
190.28306579589844,141.9126434326172,285.4396667480469,273.0318603515625
161.4556121826172,120.6160659790039,248.1494598388672,240.88145446777344
178.6853485107422,107.44120025634766,265.94024658203125,234.68455505371094
293.05560302734375,145.7295379638672,391.1835021972656,278.9429931640625
178.24343872070312,129.35504150390625,267.32574462890625,251.3579864501953
227.64508056640625,93.17621612548828,301.6561279296875,200.86337280273438
179.61610412597656,130.7102508544922,270.9316101074219,256.46624755859375
184.74119567871094,138.32476806640625,278.6219177246094,267.968017578125
210.12045288085938,140.9440155029297,307.939208984375,275.61883544921875
272.3218994140625,151.80470275878906,374.8258972167969,291.9542541503906
263.62615966796875,109.40532684326172,345.9031677246094,224.29930114746094
205.95619201660156,150.8357696533203,306.4141540527344,289.2764587402344
193.0914764404297,96.33578491210938,271.3551330566406,207.8504180908203
173.50572204589844,126.2660903930664,264.0323791503906,251.57525634765625
280.7696533203125,112.89849090576172,365.5769958496094,232.56040954589844
248.15000915527344,117.11148834228516,332.9852600097656,236.83348083496094
246.7891387939453,115.91028594970703,331.431884765625,236.2942352294922
201.20472717285156,101.8695068359375,280.35833740234375,216.3586883544922
197.55271911621094,81.95636749267578,273.7517395019531,199.09849548339844
142.89898681640625,83.66708374023438,216.39639282226562,189.15505981445312
209.80870056152344,102.6600570678711,289.0820007324219,216.44627380371094
299.6882629394531,117.93222045898438,401.2860107421875,266.8099060058594
142.6673583984375,72.8398666381836,214.7874298095703,179.6573486328125
226.2823486328125,108.0283432006836,306.47894287109375,223.19882202148438
235.06228637695312,91.44407653808594,308.9388732910156,198.9707794189453
220.6306915283203,108.65573120117188,302.5236511230469,225.43592834472656
209.7044219970703,96.8232192993164,285.0911560058594,206.55783081054688
211.70127868652344,87.49856567382812,283.8805236816406,193.8070831298828
230.0675811767578,138.2312469482422,326.55865478515625,272.38238525390625
78.89058685302734,68.9181137084961,142.37161254882812,155.17835998535156
245.98695373535156,110.76021575927734,328.4013977050781,227.74899291992188
239.7772979736328,122.6231460571289,327.1964416503906,245.3877410888672
152.43133544921875,116.5748291015625,237.90029907226562,234.9314727783203
295.4789123535156,112.05899047851562,381.9941101074219,232.7021484375
187.4542999267578,141.0297393798828,282.6498107910156,272.21441650390625
314.9476623535156,128.80215454101562,423.0503234863281,286.05975341796875
156.93458557128906,111.27359008789062,240.32150268554688,227.41455078125
210.02142333984375,89.94246673583984,283.4036560058594,197.72691345214844
207.18258666992188,90.69830322265625,282.0857849121094,200.6508331298828
186.87091064453125,117.43502044677734,274.9882507324219,241.43141174316406
239.4788055419922,141.99996948242188,336.6269226074219,276.5733337402344
264.80645751953125,105.6500015258789,345.8033752441406,220.86891174316406
221.326904296875,140.75421142578125,318.5505065917969,275.19976806640625
257.59149169921875,129.72201538085938,348.5016174316406,257.2032775878906
133.2067413330078,106.63983917236328,212.75758361816406,216.4884796142578
285.1873474121094,155.9265594482422,388.7796325683594,295.33489990234375
241.85073852539062,96.29631805419922,317.5130920410156,205.83653259277344
280.86822509765625,111.70706939697266,365.3384704589844,231.1338348388672
182.54336547851562,91.16468048095703,265.6490478515625,216.66661071777344
151.65390014648438,109.37239837646484,234.6370086669922,224.8486785888672
200.59262084960938,86.18746185302734,270.4346618652344,188.8170928955078
237.5309600830078,98.34949493408203,313.4784240722656,208.19544982910156
221.93789672851562,132.88961791992188,318.1221008300781,269.1708068847656
221.28883361816406,131.2366943359375,313.93218994140625,260.7623291015625
194.9231414794922,138.2760009765625,289.9815979003906,268.7625732421875
289.29583740234375,113.73613739013672,375.5015563964844,234.93614196777344
225.1622314453125,90.32808685302734,297.6910095214844,196.3237762451172
197.40924072265625,138.66622924804688,291.9955139160156,268.430908203125
236.38792419433594,90.84574127197266,310.5712890625,199.40786743164062
109.68588256835938,84.89570617675781,182.8231658935547,186.50416564941406
183.51353454589844,85.74492645263672,263.9586486816406,208.9256134033203
176.02113342285156,124.00321197509766,267.1434020996094,249.9980010986328
148.47537231445312,111.73631286621094,232.26901245117188,227.66610717773438
269.6161193847656,103.00270080566406,350.4961242675781,217.47776794433594
89.39320373535156,73.40906524658203,157.98333740234375,166.4779052734375
201.4595947265625,146.12930297851562,298.9481201171875,280.0255126953125
154.72210693359375,98.57452392578125,236.1566619873047,214.0746612548828
197.5527801513672,85.1067123413086,268.8432312011719,190.2873992919922
168.88906860351562,77.41111755371094,243.02438354492188,190.16207885742188
237.25096130371094,113.26546478271484,320.1438903808594,231.15328979492188
192.69866943359375,101.77420806884766,274.02581787109375,218.98948669433594
191.56634521484375,121.48745727539062,280.0206604003906,245.36724853515625
216.28330993652344,158.54017639160156,319.96026611328125,301.3223876953125
90.0360107421875,71.64904022216797,156.6910400390625,163.3263397216797
268.9234313964844,107.6368408203125,350.6688537597656,222.8450164794922
254.98915100097656,132.47744750976562,347.8479919433594,262.4209899902344
302.2540588378906,117.38939666748047,391.4762878417969,241.14002990722656
88.54217529296875,73.24852752685547,154.77163696289062,164.7272186279297
190.44984436035156,141.08602905273438,285.74713134765625,272.795654296875
189.6497039794922,90.57855987548828,272.3019714355469,216.0410614013672
168.87359619140625,131.03970336914062,259.4501037597656,255.8621368408203
206.5021514892578,88.85887908935547,279.3411560058594,195.81822204589844
199.85479736328125,92.903564453125,275.26763916015625,202.1464385986328
155.8306427001953,75.79903411865234,228.56732177734375,185.4819793701172
195.2950439453125,81.86906433105469,272.5887145996094,201.0720977783203
251.477294921875,147.37472534179688,349.2604064941406,278.5207824707031
185.2418670654297,132.25733947753906,277.831787109375,259.9643859863281
228.07943725585938,134.01300048828125,322.58343505859375,264.9020080566406
173.0746612548828,80.19601440429688,249.4831085205078,197.05006408691406
224.8258514404297,118.9726333618164,312.8058166503906,244.96109008789062
202.67356872558594,84.2064437866211,274.3408508300781,190.22776794433594
231.97315979003906,109.74301147460938,313.01324462890625,225.58229064941406
150.08738708496094,67.08911895751953,219.46104431152344,170.36256408691406
196.24197387695312,138.49696350097656,289.9994812011719,267.34014892578125
195.96046447753906,89.27529907226562,271.1285095214844,199.13084411621094
104.37104797363281,75.11693572998047,173.30482482910156,172.53611755371094
231.77244567871094,89.52104187011719,304.2568664550781,195.29542541503906
161.59719848632812,112.36006927490234,249.57496643066406,234.4198760986328
151.6814422607422,115.0893783569336,236.43873596191406,232.31068420410156
153.4996337890625,115.05941009521484,239.51394653320312,233.85231018066406
311.1083679199219,118.8995590209961,402.0283508300781,244.99923706054688
277.414794921875,113.79212951660156,362.170654296875,233.28834533691406
164.9000244140625,82.93724060058594,238.07008361816406,189.66017150878906
90.59423828125,72.46002960205078,158.2432098388672,165.40643310546875
191.55996704101562,81.69366455078125,261.4571228027344,185.22166442871094
209.0658721923828,81.49881744384766,277.41583251953125,183.29483032226562
84.60552978515625,66.88619995117188,146.63308715820312,153.06202697753906
179.28335571289062,89.13713836669922,260.95452880859375,212.39710998535156
177.08030700683594,77.01322174072266,252.41744995117188,193.31448364257812
180.11753845214844,136.07681274414062,272.7597351074219,263.87139892578125
269.560791015625,135.61553955078125,363.1658020019531,265.214599609375
210.24961853027344,106.59701538085938,300.3119812011719,239.9339599609375
274.48211669921875,106.56962585449219,356.8169860839844,222.79965209960938
284.64715576171875,113.8224868774414,370.2996826171875,234.2652130126953
174.53257751464844,130.50576782226562,264.8547668457031,255.11058044433594
189.1398162841797,94.20138549804688,273.7954406738281,221.6184539794922
168.19236755371094,75.97769165039062,241.9303436279297,188.10035705566406
200.9712677001953,86.25068664550781,273.2496032714844,192.44384765625
213.42135620117188,96.25552368164062,289.1664733886719,205.8561248779297
145.93885803222656,65.7497787475586,215.094482421875,170.09791564941406
76.19022369384766,66.57427215576172,138.71847534179688,151.01417541503906
211.6657257080078,146.73904418945312,309.82965087890625,281.42144775390625
85.59649658203125,71.06349182128906,150.33450317382812,160.39439392089844
238.5662078857422,101.6410140991211,315.0471496582031,211.48594665527344
251.98158264160156,151.35440063476562,354.11328125,290.8390808105469
148.62454223632812,107.8926773071289,235.35609436035156,227.85865783691406
173.5459747314453,90.43085479736328,250.07603454589844,201.6172637939453
98.67344665527344,78.01299285888672,167.15614318847656,173.19444274902344
216.9212188720703,157.73532104492188,319.8818359375,299.4104309082031
188.63450622558594,128.58433532714844,281.3240051269531,257.3583068847656
208.12159729003906,111.12679290771484,290.81903076171875,227.76144409179688
100.9216079711914,79.99415588378906,170.03753662109375,175.6870574951172
296.2586975097656,105.27473449707031,382.0205383300781,225.37481689453125
212.66139221191406,138.16836547851562,309.1009826660156,271.552978515625
192.67979431152344,81.32274627685547,270.1057434082031,201.21453857421875
293.38116455078125,117.3054428100586,381.169189453125,239.8872833251953
202.3983917236328,93.58164978027344,277.2002258300781,202.15997314453125
234.38609313964844,102.33009338378906,311.6114501953125,213.30836486816406
175.6758575439453,110.02887725830078,259.2298278808594,227.8675994873047
171.79698181152344,95.60554504394531,255.8894805908203,219.14576721191406
160.71043395996094,125.31243896484375,248.72244262695312,246.6314239501953
135.13108825683594,107.3927001953125,215.75668334960938,218.3791046142578
212.50997924804688,103.14039611816406,293.65826416015625,221.9592742919922
216.3122100830078,141.23861694335938,313.62786865234375,275.1802673339844
191.65489196777344,82.95130157470703,262.1708679199219,187.35208129882812
230.06350708007812,110.63728332519531,311.5788269042969,227.24183654785156
165.4725799560547,116.71006774902344,252.92413330078125,238.24769592285156
157.873779296875,68.6602554321289,227.9617156982422,175.5753173828125
301.1723327636719,120.99317169189453,390.97528076171875,246.49002075195312
195.9085235595703,143.47161865234375,291.93377685546875,275.77099609375
199.39100646972656,87.04292297363281,280.0646057128906,210.28640747070312
201.55242919921875,145.24456787109375,298.4757080078125,278.5505065917969
175.00726318359375,88.96685791015625,249.1619873046875,196.834228515625
196.3824005126953,142.80532836914062,292.07977294921875,274.25628662109375
212.16729736328125,108.05065155029297,304.1677551269531,243.7056121826172
290.3872375488281,117.87493896484375,377.85546875,240.42420959472656
223.12657165527344,117.96240997314453,309.75244140625,240.73976135253906
151.6814422607422,115.0893783569336,236.43873596191406,232.31068420410156
208.5132598876953,126.32831573486328,300.59906005859375,255.37818908691406
199.72679138183594,85.2413101196289,269.36029052734375,187.99586486816406
319.1015930175781,118.83114624023438,411.6369934082031,245.93191528320312
239.907958984375,115.5408935546875,323.3466796875,234.04273986816406
234.6988525390625,111.37806701660156,317.0689697265625,228.4589080810547
207.44972229003906,127.06440734863281,298.1238098144531,253.59642028808594
295.2408447265625,112.74612426757812,381.9641418457031,234.0427703857422
92.90487670898438,75.85533905029297,161.705078125,170.6092071533203
153.0692901611328,81.26798248291016,224.49755859375,185.2820281982422
227.0847625732422,132.0459442138672,320.0836486816406,261.4505615234375
201.40744018554688,87.01679229736328,273.9966735839844,193.5815887451172
246.50987243652344,104.16889190673828,325.0655822753906,216.7909393310547
136.60348510742188,100.99144744873047,217.76864624023438,214.4353790283203
208.3856964111328,116.61478424072266,294.3609924316406,237.81028747558594
137.1082305908203,108.0748062133789,219.94552612304688,222.86587524414062
296.2848205566406,110.59530639648438,383.12353515625,231.6197967529297
161.13233947753906,98.9738540649414,240.94212341308594,212.68824768066406
169.52272033691406,73.56688690185547,241.85923767089844,184.40631103515625
274.1443786621094,113.49504852294922,371.5268249511719,257.0444641113281
182.97239685058594,105.24149322509766,266.1152038574219,223.01646423339844
258.5445861816406,102.36331939697266,337.656005859375,215.3441925048828
266.5904541015625,111.22432708740234,349.6931457519531,228.83489990234375
236.5432891845703,115.77362823486328,320.71563720703125,233.9457550048828
224.764892578125,87.99525451660156,296.5653076171875,193.4993896484375
230.5377960205078,167.88516235351562,339.13543701171875,316.8155822753906
218.62831115722656,87.39281463623047,290.2428894042969,192.4772186279297
278.7037048339844,112.70061492919922,362.7248229980469,231.0685577392578
150.96945190429688,110.243896484375,238.576416015625,231.1761016845703
213.29844665527344,91.54413604736328,297.13165283203125,219.18251037597656
192.9104461669922,144.49400329589844,289.0746765136719,276.593017578125
84.88401794433594,68.1817855834961,149.45669555664062,156.45849609375
200.59095764160156,117.21469116210938,285.07000732421875,235.53175354003906
208.12049865722656,114.86441802978516,293.83599853515625,236.64724731445312
288.6651306152344,110.06774139404297,374.0146179199219,229.5005340576172
223.98497009277344,110.50779724121094,306.3360595703125,227.6232147216797
167.95359802246094,125.45565795898438,257.1100769042969,249.0851593017578
202.02206420898438,148.88917541503906,300.4837951660156,284.28057861328125
195.75439453125,93.12113189697266,278.8258972167969,217.8239288330078
286.9894104003906,125.2315444946289,376.6535339355469,251.0970916748047
195.14747619628906,105.32901763916016,284.4093017578125,235.73402404785156
282.5918884277344,113.53936767578125,367.88116455078125,233.6302032470703
205.3618927001953,114.281494140625,290.9287414550781,234.8982391357422
278.7861328125,113.16736602783203,363.1258239746094,232.2458953857422
219.4016571044922,86.3970718383789,291.2373962402344,192.01486206054688
214.38282775878906,85.19688415527344,286.0326843261719,190.992431640625
212.5908660888672,111.89155578613281,297.8551330566406,235.0946502685547
246.22901916503906,102.1011734008789,323.99615478515625,214.01487731933594
206.94065856933594,91.61129760742188,281.7118225097656,200.31935119628906
291.9742736816406,124.68547821044922,381.8182678222656,248.94508361816406
301.989013671875,122.91445922851562,392.4532775878906,249.08509826660156
200.98704528808594,122.26873779296875,289.5868225097656,246.7676239013672
243.1305694580078,117.57228088378906,327.3716735839844,236.9076690673828
106.42172241210938,83.63033294677734,176.9954833984375,181.5420379638672
260.1573486328125,149.443603515625,359.0264892578125,282.5677185058594
250.13400268554688,100.89115905761719,331.9080505371094,221.13125610351562
245.40884399414062,124.88639068603516,333.9496154785156,249.0185546875
211.72715759277344,93.44449615478516,287.12847900390625,202.94354248046875
265.546142578125,117.46351623535156,362.7705078125,259.700439453125
169.49212646484375,96.52899932861328,250.2135009765625,212.90928649902344
100.27653503417969,80.59574127197266,169.595458984375,177.17262268066406
135.6707305908203,70.16939544677734,206.35401916503906,172.78663635253906
314.7888488769531,137.92367553710938,411.04620361328125,268.9349365234375
218.83424377441406,108.19999694824219,299.8818054199219,224.13682556152344
112.50923156738281,94.15435791015625,187.404052734375,197.57553100585938
183.70436096191406,117.1895980834961,277.9850769042969,251.28097534179688
293.1615905761719,122.87403869628906,382.25946044921875,247.0337677001953
111.10679626464844,89.28189849853516,184.18470764160156,190.5445098876953
218.2699737548828,96.00089263916016,292.9649353027344,204.53890991210938
234.3192596435547,92.88343811035156,308.729736328125,200.88209533691406
253.15675354003906,107.00887298583984,333.60443115234375,220.8953857421875
205.6738739013672,119.18867492675781,302.3615417480469,259.1141662597656
187.1332244873047,109.94117736816406,272.7432556152344,231.88316345214844
278.2871398925781,147.42752075195312,378.1066589355469,285.2607421875
260.5277099609375,132.78213500976562,353.68035888671875,263.53106689453125
228.8458709716797,108.39771270751953,308.9591979980469,223.3959197998047
243.88136291503906,100.98816680908203,320.98175048828125,211.7833709716797
209.4147186279297,84.14086151123047,278.5893859863281,186.45068359375
214.20375061035156,125.5885238647461,303.46954345703125,249.936279296875
197.5336151123047,146.62921142578125,294.7972717285156,280.49517822265625
208.9966583251953,127.56781768798828,298.4494934082031,250.95458984375
268.5252380371094,108.89442443847656,350.7095031738281,225.40013122558594
225.9516143798828,107.53069305419922,305.8321228027344,222.3411407470703
193.51654052734375,99.60824584960938,272.3427429199219,212.7904510498047
256.259765625,142.1100311279297,353.3122863769531,276.2401428222656
212.38002014160156,123.42945098876953,301.712890625,248.41064453125
273.3724060058594,120.68724822998047,360.7462158203125,242.62547302246094
293.2287902832031,111.17308807373047,379.22540283203125,231.92869567871094
75.26510620117188,65.7378921508789,137.93862915039062,149.87802124023438
207.05419921875,102.2330551147461,285.0342712402344,214.1084747314453
186.78079223632812,110.35736846923828,273.1561584472656,234.7377471923828
181.52613830566406,141.50299072265625,278.0076904296875,274.29736328125
73.48414611816406,63.313331604003906,134.1130828857422,145.04258728027344
200.8319854736328,95.44464874267578,276.5166931152344,204.73353576660156
91.00247955322266,72.47325134277344,159.37380981445312,166.09852600097656
194.1873016357422,96.3431396484375,273.1810607910156,211.9547576904297
180.8120574951172,137.51028442382812,274.2621765136719,266.39971923828125
233.08010864257812,97.94451904296875,309.3563537597656,207.5489044189453
225.45838928222656,106.22211456298828,316.0270690917969,240.3354949951172
212.48439025878906,155.16542053222656,314.9485168457031,296.0552673339844
225.6734619140625,88.1340103149414,297.6243591308594,193.7675323486328
89.28205871582031,77.82471466064453,157.38571166992188,170.75930786132812
188.39234924316406,137.00070190429688,281.0656433105469,264.5013122558594
250.2752227783203,111.34076690673828,332.1712951660156,228.10440063476562
239.6418914794922,117.7182846069336,323.599609375,235.26962280273438
214.220458984375,137.47874450683594,308.49542236328125,267.3468322753906
282.9895935058594,115.65571594238281,369.139404296875,236.52810668945312
79.46786499023438,67.47977447509766,142.6292724609375,153.3781280517578
140.85336303710938,66.09152221679688,210.01239013671875,170.66856384277344
242.44969177246094,112.5459213256836,324.7836608886719,229.6610565185547
247.90150451660156,100.99748992919922,325.33740234375,212.08372497558594
168.87217712402344,116.11174011230469,256.7054138183594,237.14613342285156
247.2441864013672,118.26287078857422,331.929443359375,236.7202911376953
243.318603515625,122.0805435180664,331.21954345703125,244.77252197265625
249.03953552246094,118.94833374023438,334.84454345703125,240.10240173339844
253.50018310546875,160.1705780029297,359.2437744140625,303.065185546875
315.3181457519531,114.7752456665039,406.2992248535156,240.3756866455078
280.5863342285156,102.21769714355469,363.1192932128906,218.32579040527344
283.5478515625,107.54134368896484,367.1612548828125,225.04774475097656
272.2156677246094,114.56555938720703,356.6966857910156,234.20156860351562
220.58802795410156,132.16845703125,314.4261169433594,262.9888000488281
107.35008239746094,82.70636749267578,177.12046813964844,179.5356903076172
173.57598876953125,77.83877563476562,248.22457885742188,192.45957946777344
203.2970428466797,102.96993255615234,282.8946838378906,217.26487731933594
169.36976623535156,129.219482421875,258.94427490234375,252.79922485351562
104.40565490722656,77.96044921875,174.8837432861328,176.96534729003906
231.8956756591797,109.88003540039062,313.4433288574219,225.88455200195312
165.87718200683594,120.60416412353516,251.43124389648438,238.7127227783203
83.48747253417969,68.28135681152344,149.51063537597656,157.39732360839844
213.13937377929688,156.19003295898438,315.00506591796875,295.87237548828125
105.10609436035156,83.94052124023438,176.8495330810547,182.88491821289062
73.75473022460938,62.96828842163086,134.40884399414062,144.72377014160156
123.17130279541016,92.12206268310547,200.53065490722656,199.97901916503906
286.1062927246094,111.50958251953125,372.70635986328125,234.90834045410156
210.42312622070312,151.9794921875,310.2367858886719,288.8056640625
334.8498840332031,134.8627166748047,433.3268737792969,269.93804931640625
205.5561065673828,97.57286834716797,281.99755859375,208.40769958496094
200.93504333496094,123.29338836669922,292.4561767578125,252.5903778076172
160.2753448486328,122.18431854248047,246.89208984375,242.34600830078125
185.4213409423828,117.8728256225586,271.9306335449219,239.50372314453125
144.23646545410156,66.3917236328125,214.0109405517578,171.9853057861328
275.63232421875,116.01270294189453,360.9494323730469,236.25473022460938
233.4203338623047,91.57071685791016,307.4250793457031,199.9037322998047
75.78797149658203,65.08425903320312,139.19300842285156,149.3394012451172
296.46942138671875,127.16183471679688,387.3806457519531,253.02496337890625
157.2803192138672,117.15583038330078,244.30953979492188,237.38497924804688
242.23953247070312,118.65564727783203,327.2333679199219,238.85231018066406
236.69241333007812,90.73091888427734,310.7104797363281,198.7936248779297
188.31385803222656,89.88785552978516,264.0654602050781,202.7362823486328
217.2171173095703,125.99886322021484,308.8611145019531,254.0862274169922
181.27005004882812,131.4208984375,272.5964050292969,257.1652526855469
222.31790161132812,87.34105682373047,293.5986328125,191.99497985839844
322.8457336425781,135.6748504638672,419.7296447753906,268.5370178222656
228.43177795410156,127.6380844116211,317.7409973144531,251.72080993652344
185.01614379882812,136.9039306640625,278.5892028808594,266.24603271484375
181.05072021484375,132.71217346191406,272.9518127441406,259.5333251953125
214.48939514160156,87.00135040283203,285.5071105957031,191.4732208251953
216.45457458496094,101.30146026611328,293.4527282714844,212.95359802246094
275.6033630371094,138.2158203125,369.6833190917969,267.09228515625
202.64622497558594,138.82388305664062,297.6322021484375,269.0545654296875
164.7117462158203,79.3415756225586,239.46022033691406,192.62049865722656
215.18350219726562,115.26133728027344,299.98431396484375,235.2558135986328
161.22357177734375,83.3096923828125,234.40057373046875,190.49464416503906
79.05435180664062,67.35553741455078,143.06271362304688,153.8524627685547
338.2413024902344,130.04420471191406,436.4281921386719,264.2979431152344
193.5573272705078,123.20576477050781,283.157470703125,248.95591735839844
230.7678680419922,139.33106994628906,327.8327331542969,273.2286682128906
165.08155822753906,123.52054595947266,252.8326873779297,245.08299255371094
221.90904235839844,109.91817474365234,304.1484375,226.89442443847656
268.6118469238281,111.07125091552734,351.6885681152344,228.33206176757812
100.291748046875,74.87175750732422,168.85009765625,170.85740661621094
270.7388000488281,172.99221801757812,380.59136962890625,318.60650634765625
224.82537841796875,99.46648406982422,301.4671936035156,209.89913940429688
194.8602294921875,99.22742462158203,273.3121337890625,211.84999084472656
158.5361328125,120.86893463134766,244.61929321289062,240.30894470214844
248.59400939941406,138.947998046875,344.48583984375,271.94097900390625
167.7493133544922,95.17707824707031,251.4416046142578,218.04896545410156
300.42437744140625,120.48572540283203,389.7525329589844,244.86685180664062
241.36956787109375,161.9949188232422,345.98736572265625,304.1156005859375
301.81097412109375,124.0923843383789,392.6461486816406,250.2222137451172
91.93009948730469,74.17684173583984,158.1996307373047,166.4188690185547
231.09774780273438,122.3440933227539,319.50958251953125,246.0779266357422
198.4209442138672,117.67754364013672,293.7842102050781,254.40357971191406
100.25679779052734,83.56957244873047,170.31170654296875,179.8241729736328
214.27833557128906,105.69883728027344,304.8933410644531,239.85426330566406
234.9905242919922,135.37725830078125,330.21063232421875,267.315673828125
73.95552825927734,66.415283203125,136.873779296875,150.5003204345703
197.91067504882812,100.49700927734375,284.86834716796875,230.2067108154297
246.8949432373047,95.26673126220703,323.0818786621094,204.59715270996094
189.20567321777344,140.81781005859375,284.3271484375,272.146728515625
193.9789276123047,142.5849151611328,290.0037536621094,275.103271484375
314.40777587890625,122.6322250366211,406.3663024902344,250.1483917236328
177.2949676513672,128.05796813964844,268.7552185058594,254.62464904785156
276.5576477050781,111.99214935302734,360.5572509765625,230.5135955810547
302.191650390625,127.5353012084961,393.9597473144531,255.1179656982422
248.29864501953125,130.95570373535156,339.8369445800781,258.0801696777344
276.51409912109375,106.86600494384766,362.513671875,230.5594024658203
187.8249969482422,93.41436767578125,271.44970703125,218.82260131835938
74.04474639892578,64.53775787353516,136.7047119140625,147.3751220703125
281.8393249511719,112.73039245605469,366.47552490234375,232.0880126953125
198.16529846191406,146.190185546875,295.9477233886719,281.13714599609375
170.9927520751953,90.83960723876953,246.851806640625,200.4168701171875
207.56166076660156,87.29803466796875,278.6226806640625,191.84828186035156
106.93791198730469,67.85291290283203,174.70970153808594,162.14584350585938
221.87945556640625,96.15990447998047,297.2283935546875,205.45350646972656
237.6067657470703,113.8835678100586,321.9923095703125,233.14312744140625
216.2035675048828,88.63084411621094,287.0128479003906,192.1352081298828
167.7216033935547,123.44728088378906,257.3312683105469,247.5602264404297
248.3373260498047,112.92302703857422,331.1773376464844,230.0490264892578
72.6719970703125,65.80380249023438,135.64019775390625,149.2655792236328
238.10960388183594,175.795166015625,353.4132995605469,330.95904541015625
225.27162170410156,88.87108612060547,297.0766906738281,194.26023864746094
161.55682373046875,74.33716583251953,231.01400756835938,177.25672912597656
88.67289733886719,70.1406021118164,154.82476806640625,161.1944122314453
142.3168182373047,111.20035552978516,225.350830078125,226.48715209960938
184.91534423828125,138.302734375,278.6124572753906,267.15667724609375
191.18499755859375,146.8360595703125,290.68572998046875,283.32696533203125
160.95596313476562,69.14905548095703,231.39268493652344,175.1754913330078
136.3393096923828,71.0566635131836,206.35601806640625,174.53440856933594
232.5290985107422,104.85942840576172,322.72418212890625,238.68138122558594
146.5845489501953,112.3097152709961,229.85665893554688,227.64662170410156
201.96900939941406,145.85537719726562,299.00616455078125,279.2685241699219
135.0880889892578,95.29869842529297,213.023193359375,204.5264129638672
232.60882568359375,104.1135025024414,310.24560546875,215.93275451660156
161.05267333984375,74.8388442993164,234.0025634765625,185.78530883789062
168.82748413085938,107.86271667480469,248.5319061279297,219.62777709960938
168.23388671875,121.34783172607422,258.5886535644531,246.10110473632812
288.1373596191406,116.46013641357422,374.5931091308594,237.88157653808594
256.22515869140625,140.32211303710938,352.6418151855469,273.47552490234375
80.94721984863281,69.98966217041016,144.53851318359375,156.703369140625
232.51321411132812,104.45269012451172,322.99432373046875,239.19366455078125
81.15505981445312,69.63489532470703,146.00494384765625,157.66685485839844
172.48272705078125,125.86479187011719,263.0099182128906,251.12916564941406
215.7420654296875,85.98226165771484,286.5666809082031,190.8143310546875
155.32728576660156,72.04390716552734,227.2069549560547,181.65103149414062
162.3482208251953,122.60823822021484,249.40769958496094,243.18484497070312
188.1331024169922,140.6845703125,283.1341857910156,271.94287109375
173.98277282714844,77.31977081298828,245.23216247558594,184.47470092773438
234.83482360839844,174.09619140625,349.3561096191406,328.371826171875
238.06353759765625,142.38302612304688,335.8748474121094,277.94677734375
278.0912780761719,109.08959197998047,361.1430358886719,226.65377807617188
137.6201934814453,93.27266693115234,216.31179809570312,204.3456268310547
149.7124481201172,71.42533111572266,221.25909423828125,178.5261993408203
272.2475280761719,108.64201354980469,354.8025817871094,225.43247985839844
197.43968200683594,95.17680358886719,273.8305358886719,205.43826293945312
231.8240966796875,93.71546936035156,306.1646728515625,201.38760375976562
245.66896057128906,104.73621368408203,324.4192810058594,217.2622833251953
182.78887939453125,135.676025390625,275.0526428222656,262.89434814453125
213.24266052246094,133.22071838378906,305.95916748046875,260.9983215332031
227.08897399902344,94.71802520751953,301.19610595703125,202.54681396484375
164.79649353027344,86.29376220703125,238.81980895996094,192.3967742919922
162.93495178222656,119.93811798095703,251.08514404296875,241.78733825683594
224.94497680664062,132.76910400390625,317.83819580078125,262.42608642578125
110.5716552734375,87.63257598876953,183.63250732421875,188.2528533935547
196.37159729003906,145.1136932373047,293.1800537109375,278.53277587890625
173.76458740234375,111.63170623779297,260.17034912109375,231.96987915039062
256.4183349609375,114.96178436279297,339.7801208496094,233.49197387695312
229.06263732910156,100.32259368896484,319.8772277832031,238.00762939453125
265.2958068847656,104.03192901611328,346.0497131347656,218.4018096923828
238.31312561035156,100.88593292236328,315.3204650878906,210.1498565673828
167.9863739013672,119.27722930908203,258.10272216796875,243.5408172607422
184.54592895507812,133.0343017578125,276.6639709472656,260.02215576171875
222.5555877685547,123.74288177490234,312.0264587402344,249.3357391357422
166.9147186279297,124.98126983642578,255.8008270263672,248.32691955566406
244.08047485351562,102.89541625976562,322.1742248535156,215.38124084472656
256.5909729003906,98.11648559570312,334.53448486328125,209.20867919921875
169.22280883789062,125.82981872558594,258.23272705078125,249.18321228027344
311.9430236816406,185.73574829101562,430.4363708496094,341.99200439453125
210.13475036621094,85.78577423095703,281.0349426269531,190.48818969726562
194.2340087890625,90.99016571044922,269.9994812011719,200.87074279785156
189.80702209472656,142.92333984375,285.2953796386719,274.14404296875
132.7367706298828,99.42942810058594,210.83836364746094,207.09588623046875
188.13389587402344,88.32230377197266,263.0140380859375,197.93800354003906
83.44210815429688,71.03400421142578,147.61587524414062,159.42300415039062
200.22885131835938,85.31391906738281,269.9190979003906,187.9480438232422
213.36814880371094,155.03506469726562,313.9975280761719,293.02337646484375
316.6493835449219,129.4459991455078,411.5511474609375,261.0000915527344
194.1709747314453,117.81395721435547,282.3893127441406,241.92652893066406
224.15284729003906,139.55628967285156,321.4018249511719,273.63970947265625
207.56365966796875,89.43140411376953,279.3636169433594,195.09088134765625
258.9960632324219,134.07958984375,357.8518981933594,275.25433349609375
217.0135040283203,105.7092514038086,296.5451354980469,218.72874450683594
288.6820373535156,115.54446411132812,375.0213623046875,236.84902954101562
206.57017517089844,131.08651733398438,297.9893798828125,257.7982177734375
186.3920440673828,143.0825958251953,284.0299072265625,277.42779541015625
136.68417358398438,87.7924575805664,211.98548889160156,195.40579223632812
196.67318725585938,141.9200439453125,292.5436706542969,273.9422302246094
189.20509338378906,123.35926055908203,279.2438049316406,249.4254913330078
168.8831329345703,74.63410186767578,239.93399047851562,182.04998779296875
272.8284912109375,110.21973419189453,355.9888916015625,228.0089874267578
231.92837524414062,131.2901153564453,323.7825012207031,258.92376708984375
302.9046936035156,114.90950775146484,391.5433654785156,238.38194274902344
184.10556030273438,124.6792984008789,272.6612854003906,247.8881378173828
183.5595703125,131.71377563476562,275.6773681640625,259.0096435546875
210.25067138671875,152.02267456054688,311.3059387207031,291.38421630859375
214.3248748779297,96.56417846679688,290.0364685058594,206.36878967285156
228.94456481933594,89.2625961303711,301.45159912109375,195.20835876464844
210.59823608398438,129.91714477539062,302.66705322265625,257.6870422363281
205.64381408691406,113.81365203857422,290.4220275878906,234.20616149902344
251.3046112060547,164.58016967773438,357.5726318359375,308.3443908691406
205.2910614013672,139.5301971435547,301.9693908691406,272.77947998046875
188.00096130371094,113.56023406982422,278.906494140625,245.6277618408203
174.7603759765625,113.7971420288086,261.6456604003906,234.15171813964844
293.2085876464844,120.19322967529297,381.6315612792969,243.8148193359375
227.8256378173828,89.09436798095703,299.7092590332031,194.3780975341797
200.46278381347656,83.27118682861328,269.5537414550781,185.3046112060547
260.65264892578125,103.67488861083984,340.3061828613281,217.072998046875
227.3859405517578,149.42855834960938,326.6888732910156,283.99627685546875
245.7197723388672,133.9891357421875,339.6692810058594,265.6523742675781
173.21995544433594,124.86270904541016,265.7835388183594,253.19862365722656
172.6925811767578,125.93268585205078,261.9056701660156,249.50428771972656
84.1384048461914,69.14761352539062,147.58901977539062,156.76768493652344
276.0318298339844,118.44066619873047,362.4302673339844,239.46446228027344
153.9359588623047,118.75824737548828,239.3777618408203,237.19847106933594
308.5843505859375,150.67294311523438,409.2281188964844,285.5468444824219
85.01860046386719,70.61495208740234,150.02548217773438,159.9329376220703
122.70172119140625,78.25469207763672,193.96824645996094,181.13401794433594
192.01284790039062,145.26504516601562,289.22576904296875,279.0535888671875
201.71762084960938,86.03345489501953,271.6974792480469,189.09439086914062
128.4687957763672,96.99711608886719,205.00079345703125,202.50242614746094
185.1504669189453,138.05096435546875,278.6956787109375,266.7311706542969
235.40516662597656,116.47621154785156,321.6573791503906,239.7325439453125
309.6659851074219,115.16710662841797,399.8076477050781,240.0470428466797
133.2067413330078,106.63983917236328,212.75758361816406,216.4884796142578
167.4329071044922,90.98023986816406,248.73678588867188,212.39706420898438
73.39825439453125,63.40852737426758,134.0773162841797,145.16551208496094
228.1263885498047,131.9085693359375,320.9325866699219,261.2034606933594
170.4216766357422,124.98719024658203,258.0735778808594,246.22303771972656
186.7490997314453,90.17889404296875,263.30047607421875,203.4309539794922
102.40182495117188,87.3350830078125,173.07241821289062,184.03123474121094
82.96913146972656,68.75418853759766,146.58677673339844,156.0990447998047
120.09217071533203,88.87857818603516,195.42230224609375,194.1313934326172
184.47618103027344,79.3494644165039,259.2032775878906,194.6868133544922
207.4091033935547,89.44790649414062,279.7817687988281,195.58302307128906
168.2567138671875,74.52713775634766,241.39537048339844,185.6956787109375
204.92604064941406,138.13722229003906,300.6431579589844,269.9629211425781
199.01194763183594,146.466064453125,297.3583984375,282.21954345703125
228.7337188720703,89.28809356689453,301.2530212402344,195.25869750976562
159.19801330566406,67.79895782470703,229.2249755859375,174.54696655273438
207.0870361328125,146.91204833984375,304.111572265625,279.93896484375
216.1638641357422,113.89875030517578,309.3517761230469,251.1766815185547
163.5314178466797,79.73821258544922,237.7074737548828,190.1434326171875
163.2881317138672,94.4015884399414,246.119873046875,214.26773071289062
173.54563903808594,75.9052505493164,247.20693969726562,189.08705139160156
243.3603973388672,101.701416015625,321.20050048828125,213.034423828125
227.1513214111328,145.31048583984375,325.60638427734375,280.80096435546875
255.85459899902344,159.48980712890625,363.68389892578125,309.2579040527344
211.6704559326172,83.58208465576172,280.66961669921875,185.89564514160156
232.82066345214844,86.98139190673828,305.16375732421875,192.93527221679688
207.8061981201172,105.79837799072266,287.3420715332031,219.14500427246094
270.0468444824219,105.09661102294922,351.2056884765625,220.22486877441406
280.0532531738281,113.45812225341797,364.7228698730469,232.9019317626953
133.7313690185547,107.55864715576172,213.7828369140625,218.06101989746094
209.0080108642578,96.90470123291016,284.8825378417969,207.0077362060547
201.87315368652344,87.953369140625,274.12493896484375,193.50531005859375
188.89378356933594,143.2689971923828,285.4707336425781,276.6512145996094
217.61102294921875,127.8286361694336,308.55731201171875,254.9888458251953
227.6859588623047,132.07620239257812,320.3605041503906,261.35687255859375
198.3317413330078,99.11209106445312,277.8228454589844,215.39486694335938
206.2859649658203,152.47006225585938,307.6126403808594,292.65545654296875
128.02061462402344,90.33207702636719,206.3704376220703,200.19161987304688
178.34796142578125,133.76132202148438,271.4045715332031,262.6892395019531
248.92095947265625,141.49404907226562,346.0566101074219,275.8167724609375
169.3496856689453,73.33757781982422,242.12660217285156,185.57485961914062
191.64552307128906,139.54901123046875,286.3184814453125,270.5336608886719
151.27098083496094,105.21601104736328,230.24282836914062,214.42654418945312
252.21543884277344,106.20638275146484,332.0014343261719,220.00949096679688
92.39127349853516,76.03592681884766,158.8656005859375,167.9973907470703
275.7960510253906,123.78186798095703,363.0452880859375,245.9167022705078
133.7313690185547,107.55864715576172,213.7828369140625,218.06101989746094
89.83525848388672,73.98292541503906,155.92318725585938,165.61692810058594
298.0339050292969,113.3559341430664,385.6479187011719,235.94549560546875
163.9151153564453,111.74642181396484,250.525146484375,231.82015991210938
189.91629028320312,109.0447769165039,270.0240783691406,222.05044555664062
105.86785125732422,82.1864013671875,176.59962463378906,180.21795654296875
73.9919662475586,63.91320037841797,135.45492553710938,146.54261779785156
145.28158569335938,115.25350189208984,229.70494079589844,231.97679138183594
73.15708923339844,64.01268005371094,135.0706329345703,146.61276245117188
183.4430694580078,96.60967254638672,262.84808349609375,210.7194366455078
175.65602111816406,128.16030883789062,265.36688232421875,251.9127960205078
269.0357971191406,159.43112182617188,374.7513732910156,303.648193359375
314.2895202636719,137.5306854248047,410.8643798828125,270.45001220703125
183.2189178466797,90.72433471679688,259.1405334472656,200.4568328857422
206.94639587402344,108.52989959716797,298.6727294921875,243.42044067382812
203.10699462890625,117.57891082763672,289.7628173828125,238.90260314941406
209.13563537597656,124.7842025756836,300.6077575683594,252.6961212158203
201.5168914794922,90.27837371826172,273.1546630859375,194.0912322998047
169.66348266601562,123.64900970458984,259.8164978027344,248.3607635498047
214.1327362060547,133.75900268554688,306.474365234375,261.2070007324219
202.18458557128906,101.99885559082031,290.1811828613281,232.2707061767578
197.5915985107422,143.38552856445312,293.54229736328125,275.4884338378906
195.8117218017578,84.28996276855469,266.5477294921875,188.00625610351562
140.3416290283203,88.03435516357422,217.18084716796875,197.5819854736328
277.179443359375,111.34175109863281,360.84625244140625,229.66220092773438
112.80745697021484,95.80741882324219,187.47702026367188,198.13597106933594
120.57569885253906,80.49358367919922,193.6731414794922,184.7627716064453
197.30857849121094,145.77203369140625,295.07373046875,280.6585998535156
215.89869689941406,95.58507537841797,291.6948547363281,205.49183654785156
84.55890655517578,70.10169219970703,151.0527801513672,160.3411407470703
202.99098205566406,123.0415267944336,293.0690002441406,249.22352600097656
288.07720947265625,112.53527069091797,373.6838684082031,232.9454803466797
201.7042694091797,98.66818237304688,279.5369567871094,210.32220458984375
199.14385986328125,143.26336669921875,295.6515808105469,275.73785400390625
263.92230224609375,139.38214111328125,359.672119140625,273.1545715332031
205.94351196289062,84.37762451171875,277.79534912109375,190.71572875976562
248.55691528320312,104.8604736328125,327.5946350097656,218.08169555664062
181.97274780273438,116.71418762207031,275.7813415527344,249.9019012451172
212.3394012451172,84.24091339111328,283.4839172363281,189.45628356933594
231.0430145263672,151.14781188964844,333.3381652832031,292.265380859375
181.71250915527344,80.1744155883789,258.4870300292969,198.9513397216797
206.55429077148438,109.44662475585938,289.2026062011719,226.9199676513672
233.14732360839844,125.4438705444336,324.4468078613281,255.7857208251953
142.9803009033203,110.7138900756836,226.02880859375,225.84922790527344
225.8369598388672,104.7541275024414,304.153564453125,217.1922149658203
92.87545013427734,72.37847900390625,157.89913940429688,163.3114013671875
310.87921142578125,118.37399291992188,401.6354064941406,244.49261474609375
262.0450134277344,100.20931243896484,341.0172424316406,212.4386444091797
268.6116638183594,130.6871795654297,359.3468322753906,256.9388732910156
166.7980499267578,94.51280975341797,247.141357421875,213.43394470214844
92.61750793457031,79.2289810180664,161.00030517578125,172.8614044189453
204.41200256347656,85.56849670410156,273.6833190917969,187.4522247314453
170.81333923339844,93.82203674316406,253.58412170410156,216.45912170410156
213.18792724609375,152.4664306640625,314.8330993652344,291.58282470703125
189.1451873779297,140.81463623046875,284.1911926269531,272.2681884765625
150.08738708496094,67.08911895751953,219.46104431152344,170.36256408691406
245.0560302734375,103.1491928100586,323.21044921875,215.56570434570312
197.9040069580078,108.0123291015625,280.8415222167969,227.0942840576172
76.38447570800781,66.5733871459961,139.3052520751953,151.4185791015625
141.46214294433594,71.34851837158203,212.91078186035156,176.1263885498047
202.2592315673828,94.81034088134766,278.9363098144531,205.4780731201172
236.8078155517578,128.6737518310547,327.9307556152344,256.337890625
210.1453094482422,152.6240234375,310.5707702636719,291.0328063964844
208.0506134033203,87.12738037109375,279.8511047363281,193.23963928222656
195.2747802734375,144.8076629638672,292.13330078125,278.27703857421875
204.06387329101562,145.6833953857422,301.0113220214844,279.2252197265625
318.0574035644531,126.26374053955078,411.6687316894531,255.95301818847656
254.60292053222656,113.0527572631836,349.5787658691406,252.4586944580078
240.52664184570312,109.20982360839844,321.1549377441406,225.0275421142578
98.63345336914062,75.28783416748047,165.43817138671875,169.16470336914062
272.9767150878906,106.15229034423828,354.5196838378906,221.78436279296875
202.5933837890625,85.52564239501953,273.63446044921875,190.09873962402344
128.83822631835938,75.16603088378906,198.86512756347656,176.43357849121094
232.3929901123047,107.66228485107422,313.7951354980469,224.25135803222656
193.64187622070312,111.37728118896484,286.4954528808594,246.1734161376953
255.67214965820312,121.45520782470703,341.45458984375,241.36668395996094
163.22708129882812,72.97852325439453,235.6192169189453,181.69615173339844
192.31304931640625,111.9399185180664,285.0147399902344,247.66221618652344
195.94386291503906,95.1958236694336,276.029541015625,214.81646728515625
76.598876953125,65.86595916748047,139.14297485351562,150.3434600830078
177.70899963378906,129.43154907226562,266.9248352050781,251.6914520263672
241.8646697998047,103.96463012695312,320.05010986328125,215.55335998535156
218.5965118408203,102.50687408447266,297.6022033691406,215.47447204589844
187.77456665039062,78.08124542236328,255.34768676757812,178.66441345214844
196.3830108642578,82.00218200683594,264.99853515625,183.69851684570312
189.14466857910156,138.8776397705078,283.0571594238281,268.10089111328125
173.97007751464844,126.98296356201172,264.0427551269531,251.6875
178.9517059326172,135.38934326171875,272.0330810546875,264.161376953125
198.5797576904297,106.51908874511719,280.9070129394531,225.53492736816406
138.4028778076172,109.24144744873047,219.9687957763672,221.62794494628906
161.80430603027344,119.91019439697266,247.6034393310547,238.42059326171875
256.46697998046875,129.5087890625,347.4066467285156,255.67987060546875
226.0572967529297,117.36028289794922,313.9059143066406,244.02732849121094
172.85107421875,79.56584930419922,248.92576599121094,195.9044647216797
83.50346374511719,67.8636245727539,147.97921752929688,155.83236694335938
146.55300903320312,72.8702163696289,217.58624267578125,179.22705078125
287.8937072753906,111.42582702636719,373.3545227050781,231.64547729492188
281.8520202636719,112.8465805053711,366.5028381347656,232.22056579589844
213.7947998046875,91.44556427001953,286.6836853027344,197.30776977539062
210.08815002441406,89.40813446044922,282.1896667480469,195.35252380371094
77.90467834472656,66.27153778076172,140.21435546875,150.9570770263672
271.1445007324219,109.42950439453125,354.0025634765625,227.4891357421875
304.6141052246094,117.38414764404297,394.25128173828125,242.3596649169922
199.3649444580078,138.90164184570312,294.1177673339844,269.2175598144531
221.5308074951172,98.31803131103516,298.4084777832031,209.7042236328125
156.03964233398438,125.54961395263672,246.77586364746094,249.54591369628906
320.4559631347656,125.74673461914062,414.1517639160156,255.0744171142578
231.7820587158203,131.89056396484375,324.8942565917969,261.9498291015625
183.2380828857422,122.11311340332031,272.9966735839844,247.48915100097656
145.5659942626953,111.72017669677734,227.71224975585938,225.6635284423828
205.61976623535156,154.67733764648438,307.0560607910156,293.48846435546875
219.40164184570312,86.39705657958984,291.2373962402344,192.01487731933594
202.64456176757812,104.77133178710938,283.13836669921875,219.96400451660156
275.4249572753906,126.83524322509766,363.8315734863281,250.0326385498047
211.11459350585938,149.70701599121094,312.2665100097656,288.61865234375
205.39768981933594,85.92650604248047,275.5101623535156,189.44906616210938
72.9236831665039,64.28153991699219,133.96917724609375,146.38107299804688
183.88893127441406,134.93368530273438,276.64080810546875,262.5596923828125
197.66094970703125,105.11298370361328,279.2762145996094,220.97518920898438
211.7495880126953,97.55789184570312,287.1545715332031,207.1736602783203
178.46255493164062,74.57549285888672,252.86500549316406,189.4195098876953
213.5752410888672,119.36907196044922,302.0804443359375,244.35337829589844
184.52159118652344,142.73040771484375,281.4269104003906,276.21771240234375
218.5553436279297,157.53402709960938,322.1987609863281,300.4035339355469
215.21092224121094,138.6602020263672,309.7858581542969,267.770751953125
207.45167541503906,151.23573303222656,306.7962951660156,287.75714111328125
97.46212768554688,80.25977325439453,166.4217529296875,174.8714141845703
106.3138427734375,84.88285827636719,181.218994140625,187.93370056152344
223.24749755859375,88.24775695800781,295.25482177734375,193.64242553710938
249.8960418701172,114.32903289794922,333.7657775878906,234.2254638671875
80.96916961669922,68.39127349853516,145.11276245117188,155.70294189453125
215.99232482910156,100.88066864013672,296.84967041015625,220.46913146972656
81.84031677246094,67.73526763916016,146.65211486816406,155.3698272705078
244.93453979492188,94.01419830322266,320.3257141113281,202.83255004882812
173.01893615722656,99.36254119873047,251.04969787597656,211.87771606445312
169.7086639404297,78.9755859375,240.61741638183594,183.16940307617188
116.42892456054688,77.9447021484375,187.6632080078125,179.6800994873047
227.41444396972656,103.8375244140625,317.333251953125,237.54786682128906
223.5267791748047,110.59876251220703,305.76361083984375,227.77134704589844
232.38453674316406,122.26209259033203,319.113037109375,243.206787109375
217.61016845703125,136.79071044921875,312.79345703125,268.6207275390625
77.75788879394531,64.73541259765625,138.2410430908203,147.6866912841797
191.41273498535156,89.31008911132812,268.8668518066406,206.1285858154297
182.08763122558594,106.05255889892578,272.0180969238281,238.25001525878906
178.86097717285156,123.36969757080078,265.1390686035156,242.2283172607422
105.92328643798828,83.54283142089844,177.51022338867188,182.44248962402344
289.5582580566406,114.48175048828125,376.2761535644531,236.1152801513672
275.5904541015625,99.91007232666016,356.8213806152344,215.01431274414062
118.35173797607422,94.85405731201172,193.43124389648438,198.57492065429688
271.0782165527344,143.236328125,369.2381896972656,277.5950927734375
155.74989318847656,125.46354675292969,246.5390625,249.37696838378906
73.10576629638672,64.5116195678711,133.8542938232422,146.3808135986328
183.34422302246094,133.73492431640625,275.1365966796875,260.05267333984375
284.8307189941406,110.20072174072266,369.2093200683594,229.1978302001953
235.125,92.77617645263672,309.5409851074219,201.1735382080078
223.04010009765625,103.62528991699219,300.9959716796875,215.7528839111328
77.62470245361328,66.41911315917969,140.3282470703125,151.36940002441406
305.21685791015625,116.07384490966797,394.47808837890625,240.2391815185547
224.65672302246094,105.40351104736328,305.1632995605469,219.98289489746094
77.9686050415039,64.68836975097656,139.47659301757812,148.46739196777344
171.34202575683594,127.89859771728516,260.9364929199219,251.89083862304688
247.9895782470703,100.27510833740234,326.1651916503906,212.7485809326172
295.0789489746094,127.52517700195312,386.22393798828125,253.1272735595703
138.03053283691406,101.1242446899414,218.52963256835938,212.35304260253906
225.0052947998047,159.60604858398438,328.2631530761719,300.91094970703125
278.7480773925781,107.57405853271484,361.6938781738281,224.4684600830078
192.6858673095703,112.42133331298828,277.3228454589844,232.08599853515625
224.2622528076172,100.09568786621094,301.3455505371094,210.8166046142578
134.4092254638672,98.82093048095703,215.62973022460938,211.58274841308594
265.5277404785156,120.09136199951172,351.1831359863281,240.52664184570312
214.58290100097656,86.77815246582031,286.260986328125,192.1953582763672
186.86546325683594,136.2451171875,281.0330810546875,266.2849426269531
233.9212188720703,95.67334747314453,308.6071472167969,203.5606231689453
183.8483123779297,129.02345275878906,276.4808044433594,257.3395690917969
151.8662872314453,77.86884307861328,225.857666015625,188.0414581298828
100.36714935302734,81.12286376953125,169.8463592529297,176.9253692626953
221.473876953125,95.28038787841797,296.7646179199219,203.6075439453125
70.9043197631836,61.522361755371094,131.28530883789062,141.5939483642578
191.4654541015625,139.08853149414062,286.5301208496094,270.14892578125
198.65293884277344,91.07591247558594,273.5055847167969,200.33998107910156
211.79075622558594,101.78899383544922,289.6688537597656,214.4950714111328
194.311279296875,77.19156646728516,270.4570007324219,195.39649963378906
164.93112182617188,75.05579376220703,239.15023803710938,189.37054443359375
277.81982421875,107.26575469970703,360.732666015625,224.25807189941406
84.68596649169922,68.89463806152344,148.30828857421875,156.81126403808594
180.28814697265625,90.84577941894531,257.4509582519531,203.3904571533203
168.37115478515625,125.0557632446289,257.5019226074219,248.6822052001953
256.7887878417969,128.52682495117188,346.576904296875,252.59226989746094
215.3109893798828,138.09576416015625,309.9016418457031,267.91802978515625
201.5325469970703,81.84050750732422,269.3576965332031,182.06719970703125
290.2920227050781,110.61241149902344,375.74847412109375,230.4549560546875
220.10409545898438,117.10013580322266,306.4180908203125,239.5503387451172
205.2445526123047,148.243896484375,304.2005310058594,284.25
183.7182159423828,84.75590515136719,262.5838623046875,204.0994110107422
262.2531433105469,111.31415557861328,344.3595886230469,228.0517578125
202.51953125,150.97250366210938,301.9435729980469,287.7783203125
196.28836059570312,152.70950317382812,300.2275695800781,293.64141845703125
210.2429656982422,85.10108184814453,280.6008605957031,189.16624450683594
80.10443878173828,65.98320007324219,142.16798400878906,150.7823944091797
208.5863494873047,90.29861450195312,283.1216125488281,200.80337524414062
256.5140075683594,135.30784606933594,356.7922058105469,278.88531494140625
187.41696166992188,70.9942855834961,255.49688720703125,176.8003387451172
232.36134338378906,105.34465789794922,312.5787048339844,219.61404418945312
185.83445739746094,131.9089813232422,274.6039733886719,253.6584930419922
226.95590209960938,135.35467529296875,321.6213684082031,266.3554382324219
227.8452606201172,100.44840240478516,303.8431396484375,210.43081665039062
75.97015380859375,67.03886413574219,139.04443359375,151.92465209960938
202.6340789794922,84.88065338134766,273.2768859863281,188.6692657470703
241.56495666503906,119.24178314208984,329.2250061035156,245.5569610595703
241.46678161621094,136.5723876953125,336.5467529296875,267.54901123046875
208.4541473388672,80.9128646850586,276.82940673828125,182.4422149658203
190.03587341308594,145.43063354492188,287.7821044921875,280.1280517578125
80.10440826416016,71.03168487548828,145.48016357421875,159.3450164794922
177.24330139160156,135.02110290527344,269.69537353515625,262.58074951171875
180.3523712158203,130.60000610351562,271.34661865234375,255.73587036132812
190.69911193847656,80.7745590209961,258.9158935546875,181.94691467285156
175.80726623535156,110.03877258300781,268.0674133300781,244.2850799560547
152.15280151367188,118.1523666381836,236.96139526367188,235.55311584472656
166.37327575683594,74.67589569091797,237.6403045654297,182.3551483154297
188.93307495117188,139.846435546875,283.0860900878906,269.2086181640625
166.91673278808594,76.2337875366211,240.58384704589844,188.09156799316406
188.82713317871094,95.27764892578125,273.9629211425781,222.99000549316406
180.51722717285156,71.81706237792969,253.03282165527344,184.63209533691406
300.47247314453125,121.45713806152344,390.06292724609375,246.0867462158203
278.5747985839844,106.54865264892578,361.4200134277344,223.36607360839844
171.50286865234375,128.79579162597656,261.0218200683594,252.55918884277344
235.12242126464844,106.24573516845703,314.4071960449219,219.701416015625
214.05044555664062,84.49871063232422,283.361083984375,187.1414337158203
215.2051239013672,147.0428924560547,314.36602783203125,282.6040344238281
203.96250915527344,92.26383972167969,278.0312805175781,200.5196075439453
149.7124481201172,71.42533111572266,221.25909423828125,178.5261993408203
193.88352966308594,98.18522644042969,280.23565673828125,227.303466796875
185.797607421875,136.8106231689453,279.0519714355469,265.4318542480469
